P_d,dbic,dbic_berv
5.0000,-2.571,-4.118
5.0075,-4.300,-5.001
5.0151,-4.949,-5.636
5.0227,-3.672,-5.263
5.0302,-1.837,-4.315
5.0378,-0.216,-3.441
5.0454,1.199,-2.845
5.0531,1.901,-2.694
5.0607,1.408,-3.070
5.0683,0.285,-3.752
5.0760,-0.493,-4.278
5.0836,-0.698,-4.269
5.0913,-0.947,-3.820
5.0990,-1.653,-3.286
5.1067,-2.566,-2.813
5.1144,-3.297,-2.415
5.1221,-3.660,-2.237
5.1298,-3.416,-2.345
5.1376,-2.156,-2.343
5.1453,-0.121,-1.669
5.1531,1.090,-0.738
5.1608,0.588,-0.586
5.1686,-0.792,-1.226
5.1764,-2.283,-2.089
5.1842,-3.629,-2.660
5.1921,-4.676,-2.870
5.1999,-5.265,-3.039
5.2077,-5.278,-3.224
5.2156,-4.641,-3.127
5.2235,-3.368,-2.512
5.2314,-1.561,-1.619
5.2393,0.365,-1.246
5.2472,0.782,-2.458
5.2551,-1.378,-4.484
5.2630,-3.740,-5.359
5.2709,-4.999,-5.337
5.2789,-5.453,-5.126
5.2869,-5.470,-4.909
5.2948,-5.314,-4.624
5.3028,-5.091,-4.469
5.3108,-4.803,-4.665
5.3188,-4.601,-5.175
5.3269,-4.838,-5.361
5.3349,-5.325,-4.767
5.3430,-5.607,-4.165
5.3510,-5.660,-3.936
5.3591,-5.588,-3.861
5.3672,-5.503,-3.808
5.3753,-5.481,-3.987
5.3834,-5.548,-4.526
5.3915,-5.654,-5.158
5.3996,-5.579,-5.381
5.4078,-5.104,-5.062
5.4160,-4.435,-4.679
5.4241,-3.831,-4.457
5.4323,-3.192,-4.262
5.4405,-2.625,-4.219
5.4487,-2.845,-4.645
5.4569,-3.895,-5.256
5.4652,-4.886,-5.606
5.4734,-5.020,-5.634
5.4817,-3.879,-5.451
5.4900,-2.559,-5.271
5.4982,-2.321,-5.176
5.5065,-2.416,-5.055
5.5148,-1.948,-4.932
5.5232,-1.097,-4.926
5.5315,-0.717,-5.074
5.5398,-1.453,-5.205
5.5482,-2.857,-5.021
5.5566,-3.498,-4.631
5.5650,-3.251,-4.340
5.5734,-3.020,-4.243
5.5818,-3.344,-4.331
5.5902,-3.962,-4.435
5.5986,-4.218,-4.319
5.6071,-3.939,-3.899
5.6155,-3.288,-3.170
5.6240,-2.389,-2.087
5.6325,-1.386,-0.619
5.6410,-0.630,1.029
5.6495,-0.641,2.207
5.6580,-1.682,2.173
5.6666,-3.338,0.982
5.6751,-4.840,-0.598
5.6837,-5.580,-1.942
5.6923,-5.185,-2.723
5.7008,-3.514,-2.589
5.7094,-0.872,-1.138
5.7181,1.798,1.553
5.7267,3.322,4.496
5.7353,3.225,6.310
5.7440,1.925,6.191
5.7526,-0.003,4.350
5.7613,-2.204,1.574
5.7700,-4.260,-1.370
5.7787,-5.456,-3.799
5.7874,-5.180,-5.089
5.7962,-3.720,-5.039
5.8049,-2.051,-4.074
5.8137,-0.651,-2.764
5.8225,0.978,-1.473
5.8312,3.240,-0.698
5.8400,4.792,-1.216
5.8489,3.818,-3.087
5.8577,0.850,-4.990
5.8665,-2.318,-5.640
5.8754,-4.534,-4.905
5.8842,-5.477,-3.412
5.8931,-5.403,-2.103
5.9020,-4.804,-1.675
5.9109,-3.950,-2.106
5.9198,-2.927,-3.017
5.9288,-2.086,-3.988
5.9377,-2.039,-4.408
5.9467,-2.808,-3.857
5.9556,-3.774,-2.951
5.9646,-4.546,-2.218
5.9736,-5.091,-1.298
5.9826,-5.452,0.058
5.9917,-5.618,0.979
6.0007,-5.579,0.219
6.0098,-5.407,-1.643
6.0188,-5.149,-3.305
6.0279,-4.705,-4.175
6.0370,-3.930,-4.011
6.0461,-3.189,-3.023
6.0552,-3.235,-2.295
6.0644,-3.811,-2.177
6.0735,-4.406,-2.301
6.0827,-4.900,-2.611
6.0919,-5.303,-3.154
6.1011,-5.524,-3.731
6.1103,-5.325,-4.163
6.1195,-4.357,-4.499
6.1287,-2.326,-4.905
6.1380,0.457,-5.416
6.1472,2.765,-5.505
6.1565,3.730,-4.974
6.1658,3.755,-4.339
6.1751,3.348,-3.853
6.1844,2.322,-3.600
6.1937,0.298,-3.622
6.2031,-2.499,-3.876
6.2125,-4.846,-4.221
6.2218,-5.410,-4.485
6.2312,-4.153,-4.560
6.2406,-1.915,-4.418
6.2500,0.617,-4.002
6.2595,3.072,-3.159
6.2689,5.178,-1.853
6.2784,6.490,-0.451
6.2878,6.269,0.292
6.2973,4.103,-0.257
6.3068,0.790,-1.854
6.3164,-2.303,-3.638
6.3259,-4.412,-4.975
6.3354,-5.460,-5.612
6.3450,-5.636,-5.431
6.3546,-5.157,-4.310
6.3641,-4.269,-2.184
6.3738,-3.328,0.659
6.3834,-2.716,3.333
6.3930,-2.593,4.750
6.4026,-2.840,4.567
6.4123,-3.255,3.302
6.4220,-3.707,1.578
6.4317,-4.146,-0.325
6.4414,-4.565,-2.294
6.4511,-4.959,-4.078
6.4608,-5.279,-5.186
6.4706,-5.446,-5.188
6.4803,-5.443,-4.222
6.4901,-5.336,-2.897
6.4999,-5.196,-1.775
6.5097,-5.073,-1.132
6.5195,-4.989,-0.963
6.5294,-4.928,-1.132
6.5392,-4.864,-1.639
6.5491,-4.823,-2.571
6.5590,-4.872,-3.797
6.5689,-5.034,-4.828
6.5788,-5.215,-5.269
6.5887,-5.316,-5.184
6.5987,-5.315,-4.846
6.6086,-5.244,-4.481
6.6186,-5.142,-4.243
6.6286,-5.020,-4.235
6.6386,-4.879,-4.503
6.6486,-4.755,-4.997
6.6586,-4.739,-5.497
6.6687,-4.899,-5.624
6.6787,-5.168,-5.106
6.6888,-5.416,-4.031
6.6989,-5.569,-2.734
6.7090,-5.625,-1.536
6.7191,-5.595,-0.646
6.7293,-5.476,-0.216
6.7394,-5.284,-0.373
6.7496,-5.081,-1.114
6.7598,-4.949,-2.256
6.7700,-4.945,-3.521
6.7802,-5.080,-4.650
6.7904,-5.316,-5.394
6.8007,-5.556,-5.450
6.8109,-5.649,-4.670
6.8212,-5.503,-3.381
6.8315,-5.117,-1.917
6.8418,-4.521,-0.421
6.8521,-3.857,0.715
6.8625,-3.412,0.896
6.8728,-3.416,-0.021
6.8832,-3.836,-1.540
6.8936,-4.460,-3.091
6.9040,-5.075,-4.354
6.9144,-5.511,-5.186
6.9248,-5.600,-5.482
6.9353,-5.114,-5.155
6.9458,-3.895,-4.329
6.9562,-2.340,-3.593
6.9667,-1.320,-3.445
6.9772,-1.094,-3.594
6.9878,-1.333,-3.615
6.9983,-1.808,-3.459
7.0089,-2.481,-3.315
7.0195,-3.359,-3.386
7.0300,-4.359,-3.769
7.0407,-5.223,-4.389
7.0513,-5.538,-5.008
7.0619,-5.005,-5.334
7.0726,-3.762,-5.204
7.0832,-2.284,-4.682
7.0939,-1.007,-3.967
7.1046,-0.154,-3.278
7.1154,0.209,-2.801
7.1261,0.060,-2.661
7.1368,-0.625,-2.894
7.1476,-1.801,-3.438
7.1584,-3.210,-4.141
7.1692,-4.432,-4.832
7.1800,-5.150,-5.374
7.1909,-5.310,-5.646
7.2017,-5.029,-5.512
7.2126,-4.484,-4.871
7.2235,-3.880,-3.794
7.2343,-3.417,-2.556
7.2453,-3.239,-1.512
7.2562,-3.421,-0.946
7.2671,-3.929,-0.989
7.2781,-4.581,-1.585
7.2891,-5.149,-2.552
7.3001,-5.489,-3.695
7.3111,-5.537,-4.786
7.3221,-5.272,-5.488
7.3332,-4.775,-5.495
7.3443,-4.270,-4.861
7.3553,-3.953,-3.977
7.3664,-3.858,-3.204
7.3775,-3.923,-2.703
7.3887,-4.069,-2.501
7.3998,-4.249,-2.589
7.4110,-4.451,-2.958
7.4222,-4.665,-3.566
7.4334,-4.839,-4.282
7.4446,-4.897,-4.873
7.4558,-4.807,-5.126
7.4671,-4.611,-5.017
7.4783,-4.365,-4.712
7.4896,-4.048,-4.404
7.5009,-3.550,-4.214
7.5122,-2.764,-4.177
7.5236,-1.797,-4.268
7.5349,-1.029,-4.430
7.5463,-0.749,-4.623
7.5577,-0.932,-4.796
7.5691,-1.409,-4.838
7.5805,-2.024,-4.588
7.5920,-2.631,-3.894
7.6034,-3.049,-2.723
7.6149,-3.068,-1.281
7.6264,-2.621,0.025
7.6379,-1.947,0.876
7.6494,-1.423,1.239
7.6609,-1.281,1.203
7.6725,-1.576,0.746
7.6841,-2.243,-0.372
7.6957,-2.958,-2.402
7.7073,-3.048,-4.644
7.7189,-2.397,-5.586
7.7306,-1.822,-5.304
7.7422,-1.780,-4.683
7.7539,-2.202,-4.030
7.7656,-2.805,-3.202
7.7773,-3.043,-1.911
7.7891,-2.210,-0.184
7.8008,-0.377,1.215
7.8126,1.321,1.535
7.8244,2.110,0.853
7.8362,1.985,-0.418
7.8480,1.124,-1.984
7.8599,-0.353,-3.587
7.8717,-2.207,-4.805
7.8836,-3.879,-5.243
7.8955,-4.907,-5.097
7.9074,-5.356,-4.866
7.9193,-5.458,-4.761
7.9313,-5.312,-4.758
7.9432,-4.908,-4.783
7.9552,-4.242,-4.795
7.9672,-3.385,-4.797
7.9793,-2.511,-4.827
7.9913,-1.812,-4.926
8.0034,-1.387,-5.093
8.0154,-1.223,-5.265
8.0275,-1.273,-5.333
8.0396,-1.544,-5.172
8.0518,-2.077,-4.760
8.0639,-2.837,-4.334
8.0761,-3.666,-4.199
8.0883,-4.381,-4.354
8.1005,-4.897,-4.626
8.1127,-5.228,-4.898
8.1249,-5.431,-5.123
8.1372,-5.555,-5.295
8.1495,-5.622,-5.422
8.1618,-5.623,-5.516
8.1741,-5.537,-5.589
8.1864,-5.353,-5.639
8.1988,-5.084,-5.653
8.2111,-4.784,-5.615
8.2235,-4.556,-5.508
8.2359,-4.479,-5.331
8.2484,-4.528,-5.071
8.2608,-4.636,-4.698
8.2733,-4.765,-4.184
8.2858,-4.898,-3.543
8.2983,-5.003,-2.898
8.3108,-5.036,-2.492
8.3233,-4.963,-2.529
8.3359,-4.789,-2.963
8.3485,-4.540,-3.564
8.3611,-4.252,-4.124
8.3737,-3.978,-4.535
8.3863,-3.805,-4.785
8.3990,-3.794,-4.923
8.4116,-3.902,-4.952
8.4243,-4.053,-4.771
8.4370,-4.244,-4.252
8.4498,-4.518,-3.308
8.4625,-4.886,-1.973
8.4753,-5.265,-0.500
8.4881,-5.523,0.677
8.5009,-5.579,1.205
8.5137,-5.424,1.048
8.5266,-5.077,0.409
8.5394,-4.575,-0.474
8.5523,-3.993,-1.439
8.5652,-3.430,-2.410
8.5781,-2.963,-3.361
8.5911,-2.622,-4.253
8.6041,-2.425,-4.991
8.6170,-2.406,-5.466
8.6300,-2.594,-5.636
8.6431,-2.964,-5.557
8.6561,-3.429,-5.334
8.6692,-3.905,-5.062
8.6822,-4.349,-4.794
8.6953,-4.751,-4.560
8.7085,-5.095,-4.385
8.7216,-5.352,-4.292
8.7348,-5.497,-4.278
8.7479,-5.543,-4.313
8.7611,-5.513,-4.349
8.7744,-5.428,-4.336
8.7876,-5.301,-4.221
8.8009,-5.139,-3.964
8.8141,-4.949,-3.553
8.8274,-4.738,-3.011
8.8408,-4.511,-2.386
8.8541,-4.263,-1.726
8.8675,-3.988,-1.073
8.8808,-3.673,-0.488
8.8942,-3.319,-0.088
8.9077,-2.961,-0.079
8.9211,-2.708,-0.720
8.9346,-2.745,-2.083
8.9480,-3.182,-3.757
8.9615,-3.851,-5.054
8.9751,-4.462,-5.615
8.9886,-4.868,-5.533
9.0022,-5.073,-5.035
9.0158,-5.133,-4.290
9.0294,-5.111,-3.379
9.0430,-5.059,-2.325
9.0566,-5.000,-1.116
9.0703,-4.895,0.271
9.0840,-4.666,1.837
9.0977,-4.260,3.504
9.1114,-3.681,4.981
9.1252,-3.016,5.673
9.1389,-2.477,4.939
9.1527,-2.317,2.848
9.1665,-2.611,0.295
9.1804,-3.183,-1.892
9.1942,-3.809,-3.437
9.2081,-4.367,-4.426
9.2220,-4.833,-5.037
9.2359,-5.215,-5.404
9.2498,-5.502,-5.564
9.2638,-5.637,-5.465
9.2778,-5.538,-5.048
9.2918,-5.155,-4.340
9.3058,-4.488,-3.464
9.3198,-3.580,-2.589
9.3339,-2.512,-1.890
9.3480,-1.442,-1.505
9.3621,-0.628,-1.473
9.3762,-0.359,-1.641
9.3904,-0.748,-1.678
9.4045,-1.614,-1.329
9.4187,-2.646,-0.694
9.4329,-3.614,-0.137
9.4472,-4.416,0.047
9.4614,-5.018,-0.223
9.4757,-5.399,-0.879
9.4900,-5.522,-1.805
9.5043,-5.337,-2.876
9.5187,-4.794,-3.964
9.5330,-3.859,-4.905
9.5474,-2.554,-5.488
9.5618,-1.016,-5.491
9.5762,0.447,-4.823
9.5907,1.395,-3.662
9.6052,1.511,-2.351
9.6197,0.853,-1.115
9.6342,-0.248,0.045
9.6487,-1.469,1.225
9.6633,-2.617,2.379
9.6778,-3.605,3.180
9.6924,-4.399,3.215
9.7071,-4.993,2.400
9.7217,-5.396,1.033
9.7364,-5.619,-0.517
9.7511,-5.658,-1.997
9.7658,-5.488,-3.259
9.7805,-5.067,-4.200
9.7953,-4.356,-4.725
9.8101,-3.355,-4.762
9.8249,-2.157,-4.321
9.8397,-0.962,-3.559
9.8545,0.008,-2.748
9.8694,0.669,-2.118
9.8843,1.133,-1.701
9.8992,1.572,-1.396
9.9142,2.011,-1.163
9.9291,2.260,-1.134
9.9441,2.057,-1.497
9.9591,1.286,-2.279
9.9741,0.062,-3.277
9.9892,-1.356,-4.189
10.0043,-2.713,-4.783
10.0193,-3.846,-4.973
10.0345,-4.695,-4.802
10.0496,-5.266,-4.382
10.0648,-5.585,-3.842
10.0800,-5.653,-3.297
10.0952,-5.429,-2.837
10.1104,-4.821,-2.513
10.1257,-3.741,-2.322
10.1409,-2.211,-2.199
10.1562,-0.460,-2.069
10.1716,1.129,-1.953
10.1869,2.222,-1.991
10.2023,2.664,-2.321
10.2177,2.475,-2.958
10.2331,1.791,-3.771
10.2485,0.807,-4.559
10.2640,-0.286,-5.158
10.2795,-1.351,-5.496
10.2950,-2.314,-5.592
10.3105,-3.145,-5.515
10.3261,-3.833,-5.342
10.3417,-4.367,-5.137
10.3573,-4.733,-4.939
10.3729,-4.920,-4.761
10.3885,-4.930,-4.597
10.4042,-4.781,-4.434
10.4199,-4.510,-4.260
10.4356,-4.160,-4.080
10.4514,-3.785,-3.912
10.4672,-3.447,-3.792
10.4830,-3.212,-3.753
10.4988,-3.137,-3.817
10.5146,-3.248,-3.975
10.5305,-3.524,-4.195
10.5464,-3.906,-4.437
10.5623,-4.321,-4.670
10.5782,-4.703,-4.883
10.5942,-4.997,-5.077
10.6102,-5.159,-5.259
10.6262,-5.156,-5.424
10.6422,-4.978,-5.547
10.6583,-4.663,-5.583
10.6744,-4.297,-5.495
10.6905,-3.982,-5.282
10.7066,-3.780,-4.981
10.7227,-3.703,-4.632
10.7389,-3.730,-4.265
10.7551,-3.831,-3.894
10.7714,-3.973,-3.530
10.7876,-4.114,-3.202
10.8039,-4.203,-2.971
10.8202,-4.207,-2.906
10.8365,-4.153,-3.019
10.8529,-4.114,-3.240
10.8692,-4.150,-3.496
10.8856,-4.283,-3.766
10.9021,-4.507,-4.069
10.9185,-4.790,-4.424
10.9350,-5.064,-4.822
10.9515,-5.239,-5.203
10.9680,-5.244,-5.471
10.9846,-5.080,-5.559
11.0011,-4.819,-5.469
11.0177,-4.541,-5.258
11.0344,-4.294,-4.988
11.0510,-4.081,-4.703
11.0677,-3.874,-4.430
11.0844,-3.620,-4.181
11.1011,-3.268,-3.963
11.1179,-2.798,-3.777
11.1346,-2.243,-3.623
11.1514,-1.680,-3.504
11.1683,-1.192,-3.431
11.1851,-0.850,-3.421
11.2020,-0.705,-3.495
11.2189,-0.784,-3.660
11.2358,-1.084,-3.906
11.2528,-1.560,-4.193
11.2698,-2.138,-4.468
11.2868,-2.737,-4.687
11.3038,-3.299,-4.833
11.3209,-3.792,-4.913
11.3379,-4.199,-4.950
11.3550,-4.506,-4.970
11.3722,-4.695,-4.996
11.3893,-4.751,-5.042
11.4065,-4.668,-5.115
11.4237,-4.456,-5.212
11.4410,-4.138,-5.323
11.4582,-3.750,-5.435
11.4755,-3.326,-5.529
11.4928,-2.894,-5.581
11.5102,-2.472,-5.568
11.5276,-2.066,-5.468
11.5449,-1.684,-5.266
11.5624,-1.340,-4.957
11.5798,-1.071,-4.555
11.5973,-0.929,-4.094
11.6148,-0.970,-3.631
11.6323,-1.224,-3.231
11.6499,-1.671,-2.947
11.6674,-2.250,-2.810
11.6850,-2.879,-2.815
11.7027,-3.484,-2.940
11.7203,-4.015,-3.151
11.7380,-4.445,-3.412
11.7557,-4.767,-3.695
11.7735,-4.984,-3.973
11.7912,-5.107,-4.229
11.8090,-5.151,-4.457
11.8268,-5.135,-4.660
11.8447,-5.075,-4.846
11.8626,-4.987,-5.025
11.8805,-4.885,-5.195
11.8984,-4.782,-5.337
11.9163,-4.693,-5.422
11.9343,-4.628,-5.425
11.9523,-4.590,-5.339
11.9704,-4.578,-5.176
11.9884,-4.584,-4.963
12.0065,-4.598,-4.734
12.0246,-4.610,-4.527
12.0428,-4.611,-4.375
12.0609,-4.593,-4.304
12.0791,-4.552,-4.319
12.0974,-4.487,-4.398
12.1156,-4.399,-4.500
12.1339,-4.294,-4.587
12.1522,-4.175,-4.640
12.1706,-4.045,-4.660
12.1889,-3.910,-4.662
12.2073,-3.779,-4.669
12.2257,-3.673,-4.704
12.2442,-3.617,-4.782
12.2627,-3.640,-4.908
12.2812,-3.757,-5.066
12.2997,-3.963,-5.227
12.3182,-4.230,-5.356
12.3368,-4.520,-5.435
12.3554,-4.802,-5.460
12.3741,-5.058,-5.440
12.3928,-5.275,-5.388
12.4115,-5.442,-5.316
12.4302,-5.546,-5.229
12.4489,-5.568,-5.125
12.4677,-5.487,-4.999
12.4865,-5.280,-4.841
12.5054,-4.927,-4.642
12.5243,-4.407,-4.394
12.5432,-3.708,-4.091
12.5621,-2.829,-3.737
12.5810,-1.801,-3.346
12.6000,-0.712,-2.955
12.6190,0.291,-2.626
12.6381,1.020,-2.438
12.6571,1.322,-2.448
12.6762,1.157,-2.658
12.6954,0.608,-3.011
12.7145,-0.172,-3.429
12.7337,-1.035,-3.848
12.7529,-1.874,-4.230
12.7722,-2.633,-4.558
12.7914,-3.289,-4.830
12.8107,-3.849,-5.049
12.8301,-4.325,-5.220
12.8494,-4.735,-5.348
12.8688,-5.083,-5.438
12.8882,-5.364,-5.495
12.9077,-5.560,-5.520
12.9272,-5.646,-5.515
12.9467,-5.593,-5.478
12.9662,-5.375,-5.408
12.9858,-4.974,-5.299
13.0054,-4.381,-5.147
13.0250,-3.605,-4.946
13.0446,-2.681,-4.694
13.0643,-1.671,-4.397
13.0840,-0.677,-4.070
13.1038,0.177,-3.745
13.1235,0.766,-3.464
13.1433,1.002,-3.266
13.1632,0.866,-3.172
13.1830,0.412,-3.178
13.2029,-0.262,-3.262
13.2229,-1.048,-3.397
13.2428,-1.855,-3.560
13.2628,-2.620,-3.733
13.2828,-3.307,-3.905
13.3028,-3.897,-4.070
13.3229,-4.388,-4.222
13.3430,-4.784,-4.355
13.3632,-5.093,-4.465
13.3833,-5.324,-4.550
13.4035,-5.486,-4.608
13.4237,-5.584,-4.646
13.4440,-5.623,-4.673
13.4643,-5.603,-4.698
13.4846,-5.523,-4.729
13.5049,-5.382,-4.771
13.5253,-5.174,-4.828
13.5457,-4.895,-4.897
13.5662,-4.547,-4.973
13.5866,-4.150,-5.045
13.6071,-3.755,-5.093
13.6277,-3.445,-5.102
13.6482,-3.303,-5.067
13.6688,-3.355,-5.008
13.6894,-3.553,-4.950
13.7101,-3.813,-4.912
13.7308,-4.067,-4.899
13.7515,-4.279,-4.908
13.7723,-4.438,-4.932
13.7930,-4.546,-4.966
13.8139,-4.614,-5.002
13.8347,-4.657,-5.031
13.8556,-4.695,-5.046
13.8765,-4.746,-5.041
13.8974,-4.824,-5.021
13.9184,-4.928,-4.994
13.9394,-5.044,-4.974
13.9604,-5.156,-4.967
13.9815,-5.254,-4.978
14.0026,-5.333,-5.004
14.0237,-5.392,-5.043
14.0449,-5.433,-5.094
14.0661,-5.459,-5.153
14.0873,-5.472,-5.218
14.1085,-5.475,-5.283
14.1298,-5.472,-5.342
14.1512,-5.465,-5.388
14.1725,-5.457,-5.413
14.1939,-5.449,-5.410
14.2153,-5.441,-5.374
14.2368,-5.432,-5.302
14.2582,-5.423,-5.194
14.2798,-5.414,-5.056
14.3013,-5.407,-4.899
14.3229,-5.403,-4.741
14.3445,-5.401,-4.603
14.3661,-5.403,-4.507
14.3878,-5.404,-4.466
14.4095,-5.401,-4.483
14.4313,-5.390,-4.554
14.4530,-5.363,-4.667
14.4748,-5.318,-4.806
14.4967,-5.249,-4.957
14.5186,-5.159,-5.102
14.5405,-5.050,-5.231
14.5624,-4.932,-5.336
14.5844,-4.815,-5.413
14.6064,-4.704,-5.464
14.6284,-4.602,-5.488
14.6505,-4.506,-5.479
14.6726,-4.410,-5.420
14.6947,-4.308,-5.288
14.7169,-4.197,-5.053
14.7391,-4.078,-4.684
14.7614,-3.960,-4.160
14.7836,-3.858,-3.484
14.8059,-3.788,-2.691
14.8283,-3.766,-1.848
14.8507,-3.797,-1.044
14.8731,-3.877,-0.365
14.8955,-3.996,0.127
14.9180,-4.141,0.398
14.9405,-4.302,0.449
14.9630,-4.469,0.300
14.9856,-4.636,-0.016
15.0082,-4.797,-0.456
15.0309,-4.950,-0.980
15.0536,-5.091,-1.547
15.0763,-5.219,-2.124
15.0990,-5.331,-2.686
15.1218,-5.427,-3.218
15.1446,-5.507,-3.710
15.1675,-5.567,-4.159
15.1904,-5.606,-4.559
15.2133,-5.621,-4.903
15.2362,-5.609,-5.181
15.2592,-5.567,-5.382
15.2823,-5.493,-5.494
15.3053,-5.390,-5.509
15.3284,-5.260,-5.426
15.3515,-5.109,-5.252
15.3747,-4.940,-4.999
15.3979,-4.760,-4.687
15.4211,-4.572,-4.342
15.4444,-4.381,-3.991
15.4677,-4.190,-3.663
15.4910,-4.002,-3.384
15.5144,-3.822,-3.175
15.5378,-3.654,-3.045
15.5613,-3.500,-2.997
15.5848,-3.365,-3.027
15.6083,-3.253,-3.126
15.6318,-3.169,-3.285
15.6554,-3.122,-3.495
15.6790,-3.122,-3.748
15.7027,-3.182,-4.031
15.7264,-3.313,-4.331
15.7501,-3.517,-4.624
15.7739,-3.786,-4.886
15.7977,-4.097,-5.095
15.8215,-4.417,-5.237
15.8454,-4.712,-5.309
15.8693,-4.954,-5.322
15.8932,-5.120,-5.289
15.9172,-5.192,-5.227
15.9412,-5.158,-5.147
15.9653,-5.008,-5.058
15.9894,-4.733,-4.966
16.0135,-4.336,-4.872
16.0377,-3.841,-4.780
16.0619,-3.297,-4.692
16.0861,-2.774,-4.613
16.1104,-2.350,-4.550
16.1347,-2.076,-4.511
16.1590,-1.964,-4.500
16.1834,-1.994,-4.519
16.2078,-2.124,-4.567
16.2323,-2.314,-4.643
16.2568,-2.528,-4.745
16.2813,-2.743,-4.871
16.3059,-2.941,-5.020
16.3305,-3.116,-5.185
16.3551,-3.266,-5.355
16.3798,-3.398,-5.510
16.4045,-3.528,-5.621
16.4293,-3.674,-5.659
16.4541,-3.848,-5.602
16.4789,-4.050,-5.450
16.5038,-4.270,-5.224
16.5287,-4.488,-4.957
16.5536,-4.684,-4.682
16.5786,-4.840,-4.420
16.6036,-4.939,-4.179
16.6286,-4.964,-3.961
16.6537,-4.897,-3.763
16.6789,-4.720,-3.578
16.7040,-4.421,-3.403
16.7292,-3.993,-3.233
16.7545,-3.444,-3.068
16.7798,-2.807,-2.912
16.8051,-2.133,-2.773
16.8304,-1.494,-2.664
16.8558,-0.963,-2.596
16.8813,-0.594,-2.580
16.9067,-0.417,-2.619
16.9323,-0.426,-2.708
16.9578,-0.599,-2.841
16.9834,-0.897,-3.007
17.0090,-1.283,-3.198
17.0347,-1.722,-3.406
17.0604,-2.186,-3.625
17.0861,-2.654,-3.852
17.1119,-3.109,-4.082
17.1377,-3.541,-4.312
17.1636,-3.940,-4.540
17.1895,-4.302,-4.759
17.2154,-4.624,-4.965
17.2414,-4.903,-5.152
17.2674,-5.139,-5.312
17.2935,-5.330,-5.441
17.3196,-5.477,-5.533
17.3457,-5.581,-5.586
17.3719,-5.642,-5.599
17.3981,-5.665,-5.576
17.4243,-5.654,-5.521
17.4506,-5.614,-5.437
17.4770,-5.550,-5.330
17.5033,-5.467,-5.201
17.5297,-5.371,-5.053
17.5562,-5.267,-4.883
17.5827,-5.158,-4.691
17.6092,-5.050,-4.474
17.6358,-4.948,-4.232
17.6624,-4.857,-3.965
17.6890,-4.783,-3.674
17.7157,-4.730,-3.367
17.7425,-4.703,-3.053
17.7692,-4.705,-2.744
17.7960,-4.736,-2.455
17.8229,-4.793,-2.198
17.8498,-4.871,-1.984
17.8767,-4.964,-1.817
17.9037,-5.066,-1.695
17.9307,-5.170,-1.614
17.9578,-5.272,-1.568
17.9849,-5.368,-1.551
18.0120,-5.455,-1.560
18.0392,-5.531,-1.597
18.0664,-5.593,-1.667
18.0937,-5.637,-1.779
18.1210,-5.661,-1.943
18.1483,-5.664,-2.164
18.1757,-5.646,-2.442
18.2031,-5.609,-2.768
18.2306,-5.557,-3.125
18.2581,-5.495,-3.492
18.2856,-5.427,-3.850
18.3132,-5.357,-4.182
18.3409,-5.289,-4.479
18.3685,-5.224,-4.735
18.3963,-5.161,-4.946
18.4240,-5.100,-5.115
18.4518,-5.039,-5.241
18.4797,-4.974,-5.327
18.5075,-4.902,-5.375
18.5355,-4.820,-5.387
18.5634,-4.724,-5.369
18.5914,-4.612,-5.324
18.6195,-4.487,-5.259
18.6476,-4.352,-5.180
18.6757,-4.215,-5.097
18.7039,-4.085,-5.017
18.7321,-3.973,-4.947
18.7604,-3.890,-4.890
18.7887,-3.844,-4.848
18.8171,-3.840,-4.817
18.8455,-3.880,-4.792
18.8739,-3.960,-4.766
18.9024,-4.074,-4.737
18.9309,-4.214,-4.700
18.9595,-4.371,-4.655
18.9881,-4.537,-4.601
19.0167,-4.703,-4.542
19.0454,-4.864,-4.481
19.0741,-5.015,-4.421
19.1029,-5.152,-4.369
19.1317,-5.275,-4.332
19.1606,-5.382,-4.320
19.1895,-5.472,-4.341
19.2185,-5.545,-4.399
19.2475,-5.602,-4.495
19.2765,-5.641,-4.620
19.3056,-5.662,-4.756
19.3347,-5.662,-4.887
19.3639,-5.641,-4.994
19.3931,-5.594,-5.066
19.4224,-5.518,-5.096
19.4517,-5.405,-5.079
19.4811,-5.247,-5.011
19.5104,-5.033,-4.886
19.5399,-4.745,-4.698
19.5694,-4.365,-4.433
19.5989,-3.867,-4.076
19.6285,-3.222,-3.606
19.6581,-2.406,-3.007
19.6878,-1.407,-2.271
19.7175,-0.255,-1.420
19.7472,0.953,-0.533
19.7770,2.038,0.243
19.8068,2.781,0.728
19.8367,3.029,0.800
19.8667,2.778,0.474
19.8966,2.161,-0.118
19.9267,1.351,-0.821
19.9567,0.487,-1.521
19.9868,-0.345,-2.155
20.0170,-1.106,-2.699
20.0472,-1.785,-3.151
20.0775,-2.384,-3.515
20.1078,-2.909,-3.802
20.1381,-3.367,-4.018
20.1685,-3.765,-4.173
20.1989,-4.104,-4.274
20.2294,-4.385,-4.327
20.2599,-4.608,-4.343
20.2905,-4.773,-4.331
20.3211,-4.883,-4.300
20.3518,-4.944,-4.257
20.3825,-4.967,-4.202
20.4132,-4.960,-4.128
20.4440,-4.934,-4.020
20.4749,-4.894,-3.856
20.5058,-4.842,-3.616
20.5367,-4.779,-3.277
20.5677,-4.703,-2.818
20.5987,-4.611,-2.221
20.6298,-4.500,-1.470
20.6609,-4.368,-0.556
20.6921,-4.213,0.521
20.7233,-4.038,1.746
20.7546,-3.844,3.084
20.7859,-3.635,4.474
20.8173,-3.419,5.825
20.8487,-3.201,7.023
20.8802,-2.991,7.948
20.9117,-2.794,8.499
20.9432,-2.617,8.626
20.9748,-2.464,8.340
21.0065,-2.340,7.712
21.0382,-2.244,6.843
21.0699,-2.178,5.840
21.1017,-2.141,4.796
21.1335,-2.132,3.780
21.1654,-2.150,2.838
21.1974,-2.192,1.996
21.2294,-2.258,1.266
21.2614,-2.347,0.646
21.2935,-2.457,0.129
21.3256,-2.588,-0.298
21.3578,-2.740,-0.650
21.3900,-2.914,-0.945
21.4223,-3.109,-1.200
21.4546,-3.328,-1.432
21.4870,-3.569,-1.657
21.5194,-3.830,-1.887
21.5519,-4.107,-2.129
21.5844,-4.393,-2.384
21.6170,-4.676,-2.644
21.6496,-4.939,-2.893
21.6822,-5.166,-3.105
21.7150,-5.340,-3.253
21.7477,-5.448,-3.310
21.7805,-5.485,-3.258
21.8134,-5.453,-3.091
21.8463,-5.361,-2.815
21.8793,-5.221,-2.448
21.9123,-5.047,-2.012
21.9454,-4.850,-1.536
21.9785,-4.639,-1.049
22.0116,-4.421,-0.582
22.0449,-4.200,-0.161
22.0781,-3.979,0.186
22.1114,-3.757,0.440
22.1448,-3.537,0.585
22.1782,-3.318,0.616
22.2117,-3.100,0.537
22.2452,-2.885,0.359
22.2788,-2.672,0.099
22.3124,-2.465,-0.222
22.3460,-2.263,-0.585
22.3798,-2.070,-0.971
22.4135,-1.887,-1.366
22.4473,-1.717,-1.760
22.4812,-1.563,-2.144
22.5151,-1.429,-2.515
22.5491,-1.318,-2.871
22.5831,-1.235,-3.210
22.6172,-1.185,-3.532
22.6513,-1.172,-3.836
22.6855,-1.201,-4.123
22.7197,-1.273,-4.388
22.7540,-1.391,-4.631
22.7884,-1.552,-4.846
22.8227,-1.754,-5.030
22.8572,-1.989,-5.177
22.8917,-2.248,-5.282
22.9262,-2.520,-5.345
22.9608,-2.794,-5.363
22.9955,-3.059,-5.339
23.0302,-3.305,-5.275
23.0649,-3.524,-5.180
23.0997,-3.713,-5.060
23.1346,-3.870,-4.925
23.1695,-3.996,-4.786
23.2044,-4.094,-4.652
23.2394,-4.170,-4.532
23.2745,-4.229,-4.437
23.3096,-4.277,-4.370
23.3448,-4.318,-4.335
23.3800,-4.356,-4.334
23.4153,-4.390,-4.364
23.4506,-4.421,-4.422
23.4860,-4.447,-4.503
23.5215,-4.463,-4.601
23.5569,-4.466,-4.712
23.5925,-4.453,-4.830
23.6281,-4.420,-4.950
23.6637,-4.366,-5.069
23.6995,-4.288,-5.184
23.7352,-4.187,-5.291
23.7710,-4.063,-5.387
23.8069,-3.921,-5.471
23.8428,-3.763,-5.540
23.8788,-3.594,-5.591
23.9148,-3.420,-5.623
23.9509,-3.246,-5.634
23.9870,-3.076,-5.622
24.0232,-2.912,-5.586
24.0595,-2.756,-5.525
24.0958,-2.607,-5.440
24.1322,-2.462,-5.332
24.1686,-2.316,-5.200
24.2050,-2.163,-5.048
24.2416,-1.997,-4.875
24.2781,-1.808,-4.684
24.3148,-1.590,-4.477
24.3515,-1.335,-4.254
24.3882,-1.037,-4.019
24.4250,-0.693,-3.774
24.4619,-0.302,-3.523
24.4988,0.132,-3.270
24.5357,0.600,-3.023
24.5728,1.088,-2.790
24.6098,1.577,-2.580
24.6470,2.045,-2.404
24.6842,2.470,-2.270
24.7214,2.826,-2.185
24.7587,3.097,-2.155
24.7961,3.267,-2.181
24.8335,3.330,-2.259
24.8709,3.284,-2.387
24.9085,3.134,-2.554
24.9461,2.888,-2.754
24.9837,2.557,-2.977
25.0214,2.151,-3.215
25.0592,1.683,-3.460
25.0970,1.165,-3.706
25.1348,0.607,-3.948
25.1728,0.020,-4.181
25.2107,-0.584,-4.403
25.2488,-1.196,-4.610
25.2869,-1.805,-4.801
25.3250,-2.401,-4.974
25.3633,-2.973,-5.126
25.4015,-3.511,-5.257
25.4398,-4.006,-5.365
25.4782,-4.449,-5.448
25.5167,-4.831,-5.506
25.5552,-5.146,-5.536
25.5937,-5.390,-5.538
25.6324,-5.558,-5.510
25.6710,-5.649,-5.451
25.7098,-5.662,-5.361
25.7486,-5.597,-5.241
25.7874,-5.458,-5.090
25.8263,-5.248,-4.909
25.8653,-4.972,-4.701
25.9043,-4.635,-4.468
25.9434,-4.244,-4.213
25.9826,-3.805,-3.939
26.0218,-3.326,-3.650
26.0610,-2.814,-3.350
26.1004,-2.276,-3.041
26.1397,-1.720,-2.728
26.1792,-1.154,-2.411
26.2187,-0.585,-2.093
26.2582,-0.019,-1.775
26.2979,0.536,-1.458
26.3375,1.072,-1.143
26.3773,1.582,-0.830
26.4171,2.059,-0.522
26.4569,2.494,-0.222
26.4969,2.878,0.067
26.5368,3.205,0.339
26.5769,3.465,0.589
26.6170,3.652,0.810
26.6572,3.757,0.993
26.6974,3.776,1.133
26.7377,3.706,1.221
26.7780,3.543,1.252
26.8184,3.290,1.220
26.8589,2.951,1.123
26.8994,2.530,0.961
26.9400,2.040,0.734
26.9806,1.490,0.447
27.0214,0.896,0.106
27.0621,0.273,-0.280
27.1030,-0.361,-0.702
27.1439,-0.989,-1.148
27.1848,-1.594,-1.608
27.2258,-2.161,-2.070
27.2669,-2.675,-2.524
27.3081,-3.127,-2.959
27.3493,-3.506,-3.367
27.3905,-3.810,-3.742
27.4319,-4.035,-4.078
27.4733,-4.183,-4.372
27.5147,-4.259,-4.622
27.5562,-4.268,-4.829
27.5978,-4.217,-4.992
27.6394,-4.117,-5.115
27.6812,-3.976,-5.199
27.7229,-3.804,-5.248
27.7647,-3.609,-5.266
27.8066,-3.399,-5.255
27.8486,-3.182,-5.218
27.8906,-2.963,-5.157
27.9327,-2.746,-5.074
27.9749,-2.534,-4.968
28.0171,-2.328,-4.838
28.0593,-2.127,-4.685
28.1017,-1.931,-4.507
28.1441,-1.737,-4.301
28.1865,-1.544,-4.066
28.2291,-1.351,-3.802
28.2717,-1.156,-3.510
28.3143,-0.961,-3.190
28.3571,-0.767,-2.844
28.3998,-0.578,-2.477
28.4427,-0.397,-2.093
28.4856,-0.229,-1.698
28.5286,-0.082,-1.300
28.5716,0.040,-0.906
28.6148,0.130,-0.524
28.6579,0.181,-0.166
28.7012,0.187,0.161
28.7445,0.145,0.447
28.7879,0.050,0.681
28.8313,-0.097,0.856
28.8748,-0.298,0.964
28.9184,-0.548,1.002
28.9620,-0.843,0.965
29.0057,-1.177,0.855
29.0495,-1.540,0.674
29.0933,-1.923,0.428
29.1372,-2.316,0.124
29.1812,-2.707,-0.228
29.2252,-3.086,-0.617
29.2693,-3.445,-1.033
29.3135,-3.773,-1.463
29.3577,-4.066,-1.897
29.4020,-4.317,-2.325
29.4464,-4.522,-2.740
29.4908,-4.679,-3.134
29.5353,-4.787,-3.500
29.5798,-4.846,-3.835
29.6245,-4.855,-4.134
29.6692,-4.817,-4.394
29.7140,-4.734,-4.615
29.7588,-4.606,-4.793
29.8037,-4.437,-4.930
29.8487,-4.229,-5.024
29.8937,-3.985,-5.076
29.9388,-3.706,-5.085
29.9840,-3.396,-5.054
30.0292,-3.057,-4.981
30.0745,-2.694,-4.869
30.1199,-2.308,-4.719
30.1654,-1.904,-4.531
30.2109,-1.487,-4.309
30.2565,-1.063,-4.056
30.3021,-0.636,-3.773
30.3478,-0.216,-3.466
30.3936,0.189,-3.139
30.4395,0.572,-2.800
30.4854,0.920,-2.456
30.5314,1.224,-2.114
30.5775,1.475,-1.785
30.6236,1.662,-1.477
30.6698,1.778,-1.201
30.7161,1.818,-0.965
30.7625,1.780,-0.776
30.8089,1.664,-0.640
30.8554,1.476,-0.559
30.9019,1.221,-0.534
30.9486,0.910,-0.564
30.9953,0.554,-0.644
31.0420,0.163,-0.771
31.0889,-0.252,-0.938
31.1358,-0.678,-1.140
31.1828,-1.108,-1.369
31.2298,-1.534,-1.620
31.2769,-1.948,-1.888
31.3241,-2.347,-2.168
31.3714,-2.726,-2.454
31.4187,-3.083,-2.744
31.4661,-3.416,-3.033
31.5136,-3.724,-3.319
31.5612,-4.008,-3.598
31.6088,-4.266,-3.868
31.6565,-4.500,-4.125
31.7042,-4.710,-4.368
31.7521,-4.897,-4.594
31.8000,-5.061,-4.801
31.8480,-5.203,-4.985
31.8960,-5.324,-5.147
31.9442,-5.424,-5.283
31.9924,-5.506,-5.394
32.0406,-5.568,-5.477
32.0890,-5.612,-5.534
32.1374,-5.639,-5.564
32.1859,-5.650,-5.568
32.2345,-5.645,-5.545
32.2831,-5.625,-5.497
32.3318,-5.590,-5.424
32.3806,-5.542,-5.327
32.4295,-5.481,-5.205
32.4784,-5.408,-5.060
32.5274,-5.323,-4.892
32.5765,-5.228,-4.701
32.6256,-5.122,-4.487
32.6749,-5.009,-4.251
32.7242,-4.888,-3.994
32.7735,-4.762,-3.716
32.8230,-4.632,-3.419
32.8725,-4.500,-3.107
32.9221,-4.370,-2.780
32.9718,-4.242,-2.445
33.0215,-4.121,-2.104
33.0714,-4.007,-1.763
33.1213,-3.904,-1.428
33.1713,-3.814,-1.104
33.2213,-3.736,-0.798
33.2714,-3.674,-0.514
33.3216,-3.627,-0.257
33.3719,-3.594,-0.031
33.4223,-3.576,0.161
33.4727,-3.572,0.317
33.5232,-3.580,0.435
33.5738,-3.599,0.517
33.6244,-3.628,0.561
33.6752,-3.665,0.570
33.7260,-3.710,0.544
33.7769,-3.760,0.486
33.8279,-3.816,0.396
33.8789,-3.875,0.277
33.9300,-3.938,0.130
33.9812,-4.003,-0.041
34.0325,-4.070,-0.234
34.0838,-4.139,-0.448
34.1353,-4.208,-0.678
34.1868,-4.277,-0.921
34.2384,-4.345,-1.173
34.2900,-4.411,-1.429
34.3418,-4.475,-1.687
34.3936,-4.536,-1.940
34.4455,-4.593,-2.186
34.4975,-4.645,-2.419
34.5495,-4.692,-2.638
34.6016,-4.734,-2.838
34.6538,-4.770,-3.020
34.7061,-4.800,-3.180
34.7585,-4.824,-3.321
34.8110,-4.842,-3.440
34.8635,-4.856,-3.540
34.9161,-4.864,-3.622
34.9688,-4.868,-3.686
35.0215,-4.869,-3.733
35.0744,-4.866,-3.765
35.1273,-4.860,-3.782
35.1803,-4.851,-3.784
35.2334,-4.840,-3.774
35.2866,-4.828,-3.749
35.3398,-4.813,-3.711
35.3931,-4.798,-3.658
35.4465,-4.781,-3.591
35.5000,-4.763,-3.509
35.5536,-4.744,-3.411
35.6072,-4.724,-3.298
35.6610,-4.704,-3.169
35.7148,-4.684,-3.024
35.7687,-4.662,-2.865
35.8226,-4.641,-2.693
35.8767,-4.620,-2.510
35.9308,-4.598,-2.320
35.9850,-4.577,-2.125
36.0393,-4.557,-1.928
36.0937,-4.537,-1.735
36.1482,-4.518,-1.548
36.2027,-4.500,-1.372
36.2573,-4.484,-1.209
36.3120,-4.470,-1.063
36.3668,-4.459,-0.935
36.4217,-4.450,-0.828
36.4767,-4.443,-0.743
36.5317,-4.440,-0.680
36.5868,-4.441,-0.640
36.6420,-4.445,-0.623
36.6973,-4.454,-0.628
36.7527,-4.467,-0.655
36.8082,-4.484,-0.702
36.8637,-4.506,-0.769
36.9193,-4.532,-0.855
36.9750,-4.563,-0.958
37.0308,-4.598,-1.076
37.0867,-4.637,-1.208
37.1427,-4.679,-1.351
37.1987,-4.724,-1.504
37.2548,-4.772,-1.665
37.3110,-4.820,-1.831
37.3673,-4.869,-2.000
37.4237,-4.918,-2.170
37.4802,-4.964,-2.338
37.5367,-5.007,-2.502
37.5934,-5.046,-2.661
37.6501,-5.080,-2.813
37.7069,-5.108,-2.956
37.7638,-5.129,-3.089
37.8208,-5.143,-3.212
37.8779,-5.148,-3.323
37.9350,-5.144,-3.423
37.9923,-5.132,-3.511
38.0496,-5.110,-3.588
38.1070,-5.080,-3.654
38.1645,-5.042,-3.709
38.2221,-4.994,-3.755
38.2798,-4.939,-3.791
38.3375,-4.877,-3.820
38.3954,-4.807,-3.840
38.4533,-4.731,-3.854
38.5113,-4.649,-3.861
38.5694,-4.562,-3.862
38.6276,-4.471,-3.859
38.6859,-4.375,-3.851
38.7443,-4.277,-3.839
38.8028,-4.175,-3.823
38.8613,-4.072,-3.804
38.9199,-3.968,-3.783
38.9787,-3.863,-3.759
39.0375,-3.758,-3.733
39.0964,-3.654,-3.705
39.1554,-3.551,-3.677
39.2145,-3.451,-3.648
39.2736,-3.353,-3.619
39.3329,-3.259,-3.590
39.3922,-3.170,-3.563
39.4517,-3.085,-3.537
39.5112,-3.007,-3.513
39.5708,-2.934,-3.492
39.6305,-2.868,-3.475
39.6903,-2.811,-3.462
39.7502,-2.761,-3.453
39.8102,-2.720,-3.449
39.8703,-2.688,-3.451
39.9304,-2.667,-3.458
39.9907,-2.655,-3.471
40.0510,-2.653,-3.489
40.1115,-2.662,-3.514
40.1720,-2.682,-3.544
40.2326,-2.712,-3.580
40.2933,-2.752,-3.621
40.3541,-2.802,-3.667
40.4150,-2.861,-3.718
40.4760,-2.929,-3.772
40.5370,-3.006,-3.829
40.5982,-3.089,-3.890
40.6595,-3.180,-3.952
40.7208,-3.276,-4.016
40.7823,-3.376,-4.082
40.8438,-3.480,-4.148
40.9054,-3.587,-4.215
40.9672,-3.696,-4.282
41.0290,-3.805,-4.348
41.0909,-3.914,-4.414
41.1529,-4.022,-4.479
41.2150,-4.128,-4.543
41.2772,-4.231,-4.606
41.3395,-4.332,-4.668
41.4018,-4.428,-4.728
41.4643,-4.521,-4.787
41.5269,-4.609,-4.844
41.5895,-4.693,-4.899
41.6523,-4.772,-4.952
41.7151,-4.846,-5.002
41.7781,-4.916,-5.050
41.8411,-4.980,-5.095
41.9042,-5.040,-5.136
41.9675,-5.095,-5.173
42.0308,-5.145,-5.205
42.0942,-5.191,-5.233
42.1577,-5.233,-5.255
42.2214,-5.270,-5.271
42.2851,-5.303,-5.281
42.3489,-5.331,-5.283
42.4128,-5.354,-5.278
42.4768,-5.373,-5.265
42.5409,-5.387,-5.243
42.6050,-5.396,-5.212
42.6693,-5.399,-5.171
42.7337,-5.397,-5.121
42.7982,-5.387,-5.062
42.8628,-5.372,-4.993
42.9274,-5.349,-4.915
42.9922,-5.318,-4.829
43.0571,-5.279,-4.734
43.1221,-5.233,-4.633
43.1871,-5.178,-4.525
43.2523,-5.115,-4.414
43.3176,-5.044,-4.300
43.3829,-4.966,-4.186
43.4484,-4.881,-4.073
43.5139,-4.790,-3.965
43.5796,-4.696,-3.862
43.6454,-4.598,-3.768
43.7112,-4.499,-3.684
43.7772,-4.400,-3.612
43.8432,-4.303,-3.553
43.9094,-4.210,-3.509
43.9756,-4.122,-3.479
44.0420,-4.042,-3.465
44.1084,-3.969,-3.464
44.1750,-3.906,-3.478
44.2417,-3.853,-3.504
44.3084,-3.810,-3.542
44.3753,-3.778,-3.590
44.4422,-3.756,-3.647
44.5093,-3.745,-3.710
44.5764,-3.744,-3.779
44.6437,-3.753,-3.851
44.7111,-3.771,-3.926
44.7785,-3.797,-4.002
44.8461,-3.830,-4.077
44.9138,-3.871,-4.152
44.9815,-3.917,-4.225
45.0494,-3.970,-4.295
45.1174,-4.026,-4.361
45.1855,-4.087,-4.423
45.2536,-4.151,-4.480
45.3219,-4.218,-4.533
45.3903,-4.286,-4.580
45.4588,-4.356,-4.621
45.5274,-4.425,-4.657
45.5961,-4.495,-4.688
45.6649,-4.564,-4.712
45.7338,-4.631,-4.732
45.8028,-4.695,-4.746
45.8719,-4.756,-4.756
45.9411,-4.814,-4.762
46.0105,-4.867,-4.764
46.0799,-4.916,-4.763
46.1494,-4.960,-4.761
46.2190,-4.998,-4.758
46.2888,-5.030,-4.754
46.3586,-5.058,-4.752
46.4286,-5.080,-4.751
46.4986,-5.098,-4.753
46.5688,-5.111,-4.757
46.6391,-5.122,-4.766
46.7094,-5.129,-4.778
46.7799,-5.135,-4.794
46.8505,-5.141,-4.813
46.9212,-5.146,-4.836
46.9920,-5.152,-4.862
47.0629,-5.159,-4.891
47.1339,-5.167,-4.921
47.2050,-5.177,-4.952
47.2763,-5.190,-4.984
47.3476,-5.204,-5.016
47.4190,-5.221,-5.046
47.4906,-5.239,-5.075
47.5623,-5.259,-5.101
47.6340,-5.280,-5.125
47.7059,-5.301,-5.144
47.7779,-5.323,-5.160
47.8500,-5.344,-5.171
47.9222,-5.364,-5.177
47.9945,-5.382,-5.178
48.0669,-5.398,-5.173
48.1394,-5.412,-5.162
48.2121,-5.422,-5.146
48.2848,-5.428,-5.123
48.3577,-5.431,-5.094
48.4306,-5.429,-5.059
48.5037,-5.422,-5.018
48.5769,-5.411,-4.971
48.6502,-5.395,-4.919
48.7236,-5.374,-4.862
48.7971,-5.349,-4.800
48.8708,-5.319,-4.734
48.9445,-5.285,-4.664
49.0184,-5.248,-4.591
49.0923,-5.209,-4.516
49.1664,-5.167,-4.439
49.2406,-5.123,-4.360
49.3149,-5.079,-4.281
49.3893,-5.034,-4.202
49.4638,-4.990,-4.123
49.5385,-4.948,-4.045
49.6132,-4.907,-3.969
49.6881,-4.869,-3.895
49.7630,-4.833,-3.823
49.8381,-4.801,-3.753
49.9133,-4.773,-3.687
49.9886,-4.750,-3.624
50.0641,-4.730,-3.564
50.1396,-4.715,-3.508
50.2153,-4.705,-3.456
50.2910,-4.699,-3.409
50.3669,-4.698,-3.366
50.4429,-4.700,-3.328
50.5190,-4.707,-3.294
50.5953,-4.718,-3.267
50.6716,-4.731,-3.244
50.7481,-4.748,-3.228
50.8246,-4.766,-3.218
50.9013,-4.786,-3.214
50.9781,-4.806,-3.217
51.0551,-4.827,-3.226
51.1321,-4.847,-3.243
51.2092,-4.865,-3.267
51.2865,-4.881,-3.298
51.3639,-4.894,-3.336
51.4414,-4.904,-3.381
51.5190,-4.910,-3.432
51.5968,-4.912,-3.489
51.6746,-4.910,-3.551
51.7526,-4.903,-3.618
51.8307,-4.891,-3.688
51.9089,-4.875,-3.761
51.9872,-4.856,-3.836
52.0656,-4.832,-3.912
52.1442,-4.806,-3.988
52.2229,-4.778,-4.064
52.3017,-4.748,-4.138
52.3806,-4.716,-4.209
52.4596,-4.684,-4.279
52.5388,-4.652,-4.345
52.6181,-4.621,-4.408
52.6975,-4.590,-4.467
52.7770,-4.561,-4.523
52.8566,-4.534,-4.575
52.9364,-4.510,-4.623
53.0163,-4.487,-4.667
53.0963,-4.468,-4.709
53.1764,-4.451,-4.746
53.2566,-4.438,-4.781
53.3370,-4.428,-4.813
53.4174,-4.420,-4.843
53.4980,-4.416,-4.870
53.5788,-4.415,-4.895
53.6596,-4.418,-4.918
53.7406,-4.422,-4.940
53.8217,-4.430,-4.960
53.9029,-4.440,-4.979
53.9842,-4.453,-4.998
54.0657,-4.467,-5.015
54.1473,-4.484,-5.032
54.2290,-4.501,-5.048
54.3108,-4.520,-5.065
54.3927,-4.539,-5.081
54.4748,-4.559,-5.097
54.5570,-4.578,-5.112
54.6393,-4.597,-5.128
54.7218,-4.614,-5.144
54.8043,-4.631,-5.159
54.8870,-4.645,-5.174
54.9699,-4.658,-5.189
55.0528,-4.668,-5.204
55.1359,-4.676,-5.217
55.2191,-4.681,-5.230
55.3024,-4.683,-5.242
55.3858,-4.682,-5.252
55.4694,-4.679,-5.261
55.5531,-4.673,-5.268
55.6369,-4.665,-5.274
55.7209,-4.654,-5.277
55.8050,-4.642,-5.279
55.8892,-4.629,-5.278
55.9735,-4.614,-5.274
56.0579,-4.598,-5.269
56.1425,-4.582,-5.261
56.2272,-4.565,-5.250
56.3121,-4.548,-5.237
56.3971,-4.532,-5.222
56.4822,-4.516,-5.204
56.5674,-4.500,-5.184
56.6527,-4.486,-5.162
56.7382,-4.472,-5.137
56.8238,-4.459,-5.110
56.9096,-4.446,-5.082
56.9954,-4.435,-5.051
57.0814,-4.424,-5.019
57.1676,-4.414,-4.985
57.2538,-4.405,-4.950
57.3402,-4.396,-4.912
57.4267,-4.387,-4.874
57.5134,-4.379,-4.834
57.6002,-4.370,-4.794
57.6871,-4.360,-4.752
57.7741,-4.351,-4.710
57.8613,-4.340,-4.667
57.9486,-4.328,-4.623
58.0361,-4.315,-4.580
58.1236,-4.301,-4.536
58.2113,-4.285,-4.493
58.2992,-4.267,-4.450
58.3871,-4.248,-4.407
58.4752,-4.226,-4.366
58.5635,-4.202,-4.325
58.6518,-4.176,-4.286
58.7403,-4.148,-4.249
58.8290,-4.118,-4.214
58.9177,-4.086,-4.181
59.0066,-4.052,-4.150
59.0957,-4.016,-4.122
59.1848,-3.979,-4.096
59.2741,-3.940,-4.074
59.3636,-3.901,-4.055
59.4532,-3.860,-4.040
59.5429,-3.820,-4.027
59.6327,-3.779,-4.019
59.7227,-3.738,-4.014
59.8128,-3.698,-4.012
59.9031,-3.658,-4.014
59.9934,-3.620,-4.020
60.0840,-3.583,-4.029
60.1746,-3.547,-4.041
60.2654,-3.514,-4.057
60.3564,-3.482,-4.076
60.4474,-3.453,-4.097
60.5386,-3.426,-4.121
60.6300,-3.401,-4.148
60.7215,-3.379,-4.177
60.8131,-3.360,-4.208
60.9049,-3.343,-4.242
60.9968,-3.329,-4.277
61.0888,-3.318,-4.313
61.1810,-3.309,-4.351
61.2733,-3.302,-4.391
61.3657,-3.298,-4.431
61.4583,-3.296,-4.473
61.5511,-3.296,-4.516
61.6440,-3.298,-4.559
61.7370,-3.301,-4.603
61.8301,-3.305,-4.648
61.9234,-3.311,-4.693
62.0169,-3.317,-4.739
62.1104,-3.323,-4.785
62.2042,-3.330,-4.831
62.2980,-3.336,-4.877
62.3920,-3.342,-4.924
62.4862,-3.348,-4.970
62.5804,-3.352,-5.015
62.6749,-3.354,-5.061
62.7694,-3.356,-5.106
62.8642,-3.355,-5.150
62.9590,-3.353,-5.193
63.0540,-3.349,-5.235
63.1492,-3.342,-5.276
63.2444,-3.333,-5.315
63.3399,-3.322,-5.354
63.4354,-3.308,-5.390
63.5312,-3.293,-5.424
63.6270,-3.275,-5.457
63.7230,-3.255,-5.487
63.8192,-3.233,-5.515
63.9155,-3.209,-5.541
64.0119,-3.183,-5.564
64.1085,-3.157,-5.584
64.2052,-3.129,-5.602
64.3021,-3.100,-5.617
64.3991,-3.071,-5.629
64.4963,-3.041,-5.638
64.5936,-3.012,-5.644
64.6911,-2.983,-5.647
64.7887,-2.954,-5.648
64.8865,-2.927,-5.645
64.9844,-2.900,-5.639
65.0824,-2.875,-5.631
65.1806,-2.852,-5.620
65.2790,-2.830,-5.607
65.3775,-2.811,-5.591
65.4761,-2.794,-5.572
65.5749,-2.779,-5.552
65.6739,-2.767,-5.529
65.7730,-2.757,-5.504
65.8722,-2.751,-5.477
65.9716,-2.747,-5.449
66.0712,-2.745,-5.419
66.1709,-2.747,-5.388
66.2707,-2.751,-5.355
66.3707,-2.758,-5.322
66.4708,-2.768,-5.288
66.5711,-2.779,-5.253
66.6716,-2.794,-5.217
66.7722,-2.810,-5.181
66.8729,-2.828,-5.144
66.9739,-2.848,-5.108
67.0749,-2.869,-5.071
67.1761,-2.892,-5.035
67.2775,-2.915,-4.998
67.3790,-2.940,-4.962
67.4807,-2.964,-4.927
67.5825,-2.989,-4.892
67.6845,-3.014,-4.858
67.7866,-3.039,-4.824
67.8889,-3.063,-4.791
67.9913,-3.087,-4.759
68.0939,-3.109,-4.728
68.1966,-3.131,-4.698
68.2996,-3.151,-4.669
68.4026,-3.170,-4.641
68.5058,-3.187,-4.615
68.6092,-3.203,-4.589
68.7127,-3.217,-4.565
68.8164,-3.229,-4.542
68.9202,-3.240,-4.521
69.0242,-3.249,-4.501
69.1284,-3.256,-4.482
69.2327,-3.262,-4.465
69.3372,-3.266,-4.449
69.4418,-3.269,-4.435
69.5466,-3.271,-4.423
69.6515,-3.272,-4.412
69.7566,-3.272,-4.402
69.8618,-3.272,-4.395
69.9673,-3.271,-4.389
70.0728,-3.270,-4.384
70.1786,-3.270,-4.382
70.2845,-3.269,-4.382
70.3905,-3.270,-4.383
70.4967,-3.271,-4.386
70.6031,-3.273,-4.391
70.7096,-3.276,-4.398
70.8163,-3.281,-4.407
70.9232,-3.288,-4.418
71.0302,-3.297,-4.431
71.1374,-3.307,-4.446
71.2447,-3.320,-4.463
71.3522,-3.336,-4.482
71.4599,-3.354,-4.503
71.5677,-3.374,-4.526
71.6757,-3.397,-4.551
71.7838,-3.423,-4.578
71.8922,-3.451,-4.607
72.0006,-3.481,-4.638
72.1093,-3.514,-4.670
72.2181,-3.550,-4.704
72.3271,-3.588,-4.740
72.4362,-3.628,-4.777
72.5455,-3.670,-4.815
72.6550,-3.713,-4.855
72.7646,-3.758,-4.895
72.8744,-3.805,-4.937
72.9843,-3.852,-4.979
73.0945,-3.901,-5.021
73.2048,-3.950,-5.064
73.3152,-3.999,-5.107
73.4258,-4.048,-5.150
73.5366,-4.097,-5.193
73.6476,-4.146,-5.235
73.7587,-4.193,-5.276
73.8700,-4.240,-5.316
73.9815,-4.285,-5.354
74.0931,-4.328,-5.391
74.2049,-4.369,-5.426
74.3169,-4.408,-5.459
74.4290,-4.445,-5.489
74.5413,-4.479,-5.516
74.6538,-4.509,-5.540
74.7664,-4.537,-5.561
74.8793,-4.561,-5.578
74.9922,-4.582,-5.591
75.1054,-4.599,-5.600
75.2187,-4.612,-5.604
75.3322,-4.622,-5.603
75.4459,-4.627,-5.597
75.5597,-4.628,-5.585
75.6737,-4.624,-5.568
75.7879,-4.617,-5.545
75.9023,-4.605,-5.516
76.0168,-4.588,-5.481
76.1315,-4.568,-5.439
76.2464,-4.543,-5.390
76.3614,-4.514,-5.335
76.4767,-4.481,-5.273
76.5921,-4.444,-5.204
76.7076,-4.403,-5.127
76.8234,-4.358,-5.044
76.9393,-4.310,-4.954
77.0554,-4.258,-4.857
77.1717,-4.203,-4.753
77.2881,-4.145,-4.642
77.4047,-4.084,-4.525
77.5215,-4.021,-4.401
77.6385,-3.955,-4.270
77.7556,-3.886,-4.134
77.8730,-3.816,-3.991
77.9905,-3.744,-3.842
78.1081,-3.671,-3.688
78.2260,-3.596,-3.528
78.3440,-3.520,-3.363
78.4623,-3.442,-3.194
78.5806,-3.365,-3.020
78.6992,-3.286,-2.841
78.8180,-3.207,-2.659
78.9369,-3.128,-2.473
79.0560,-3.049,-2.283
79.1753,-2.970,-2.090
79.2948,-2.892,-1.895
79.4144,-2.813,-1.697
79.5342,-2.735,-1.496
79.6542,-2.658,-1.294
79.7744,-2.581,-1.090
79.8948,-2.506,-0.885
80.0154,-2.431,-0.678
80.1361,-2.357,-0.471
80.2570,-2.284,-0.263
80.3781,-2.212,-0.055
80.4994,-2.142,0.153
80.6209,-2.073,0.361
80.7425,-2.005,0.568
80.8643,-1.939,0.774
80.9864,-1.874,0.979
81.1086,-1.810,1.183
81.2309,-1.748,1.385
81.3535,-1.688,1.585
81.4763,-1.629,1.783
81.5992,-1.573,1.978
81.7223,-1.518,2.171
81.8456,-1.464,2.360
81.9691,-1.413,2.546
82.0928,-1.364,2.728
82.2167,-1.317,2.906
82.3407,-1.272,3.080
82.4650,-1.229,3.249
82.5894,-1.188,3.413
82.7140,-1.150,3.571
82.8389,-1.114,3.724
82.9638,-1.080,3.871
83.0890,-1.049,4.012
83.2144,-1.020,4.146
83.3400,-0.994,4.273
83.4657,-0.971,4.394
83.5917,-0.950,4.506
83.7178,-0.932,4.611
83.8441,-0.917,4.709
83.9706,-0.905,4.798
84.0973,-0.895,4.878
84.2242,-0.888,4.951
84.3513,-0.884,5.014
84.4786,-0.883,5.069
84.6061,-0.884,5.115
84.7337,-0.889,5.153
84.8616,-0.896,5.181
84.9896,-0.906,5.200
85.1179,-0.919,5.211
85.2463,-0.934,5.212
85.3749,-0.952,5.205
85.5038,-0.973,5.189
85.6328,-0.996,5.164
85.7620,-1.021,5.131
85.8914,-1.049,5.089
86.0210,-1.080,5.040
86.1508,-1.112,4.982
86.2808,-1.147,4.917
86.4110,-1.184,4.845
86.5414,-1.223,4.765
86.6719,-1.264,4.678
86.8027,-1.307,4.584
86.9337,-1.352,4.484
87.0649,-1.398,4.378
87.1962,-1.446,4.265
87.3278,-1.496,4.147
87.4596,-1.547,4.023
87.5915,-1.600,3.894
87.7237,-1.655,3.760
87.8561,-1.710,3.621
87.9886,-1.767,3.477
88.1214,-1.826,3.329
88.2544,-1.886,3.177
88.3875,-1.947,3.021
88.5209,-2.009,2.861
88.6545,-2.073,2.698
88.7883,-2.137,2.531
88.9222,-2.203,2.361
89.0564,-2.271,2.189
89.1908,-2.339,2.013
89.3254,-2.409,1.835
89.4601,-2.480,1.654
89.5951,-2.552,1.472
89.7303,-2.625,1.287
89.8657,-2.699,1.101
90.0013,-2.774,0.913
90.1371,-2.851,0.723
90.2731,-2.928,0.533
90.4093,-3.007,0.342
90.5458,-3.087,0.150
90.6824,-3.167,-0.042
90.8192,-3.249,-0.234
90.9563,-3.331,-0.426
91.0935,-3.415,-0.617
91.2309,-3.498,-0.808
91.3686,-3.583,-0.997
91.5065,-3.668,-1.185
91.6445,-3.753,-1.372
91.7828,-3.839,-1.556
91.9213,-3.925,-1.738
92.0600,-4.010,-1.917
92.1989,-4.096,-2.092
92.3380,-4.181,-2.265
92.4774,-4.266,-2.434
92.6169,-4.350,-2.598
92.7567,-4.433,-2.758
92.8966,-4.515,-2.914
93.0368,-4.596,-3.064
93.1772,-4.675,-3.208
93.3178,-4.753,-3.348
93.4586,-4.829,-3.481
93.5996,-4.902,-3.607
93.7408,-4.973,-3.727
93.8823,-5.042,-3.841
94.0239,-5.108,-3.947
94.1658,-5.171,-4.046
94.3079,-5.231,-4.138
94.4502,-5.288,-4.222
94.5927,-5.341,-4.298
94.7355,-5.390,-4.366
94.8784,-5.435,-4.426
95.0216,-5.477,-4.478
95.1649,-5.514,-4.521
95.3085,-5.547,-4.557
95.4523,-5.576,-4.583
95.5964,-5.600,-4.602
95.7406,-5.619,-4.611
95.8851,-5.634,-4.612
96.0298,-5.644,-4.605
96.1747,-5.649,-4.589
96.3198,-5.649,-4.565
96.4651,-5.644,-4.532
96.6107,-5.634,-4.491
96.7565,-5.619,-4.441
96.9024,-5.599,-4.383
97.0487,-5.574,-4.317
97.1951,-5.543,-4.243
97.3418,-5.508,-4.160
97.4886,-5.467,-4.069
97.6357,-5.421,-3.970
97.7831,-5.371,-3.864
97.9306,-5.315,-3.749
98.0784,-5.254,-3.627
98.2264,-5.188,-3.497
98.3746,-5.118,-3.360
98.5230,-5.042,-3.214
98.6717,-4.962,-3.062
98.8206,-4.877,-2.902
98.9697,-4.787,-2.735
99.1190,-4.693,-2.560
99.2686,-4.594,-2.379
99.4184,-4.491,-2.190
99.5684,-4.383,-1.994
99.7186,-4.272,-1.792
99.8691,-4.156,-1.582
100.0198,-4.036,-1.366
100.1707,-3.912,-1.143
100.3218,-3.784,-0.914
100.4732,-3.653,-0.678
100.6248,-3.518,-0.436
100.7767,-3.379,-0.187
100.9287,-3.237,0.068
101.0810,-3.092,0.330
101.2335,-2.944,0.597
101.3863,-2.793,0.871
101.5393,-2.640,1.150
101.6925,-2.483,1.435
101.8459,-2.324,1.726
101.9996,-2.163,2.022
102.1535,-2.000,2.324
102.3076,-1.835,2.631
102.4620,-1.668,2.944
102.6166,-1.499,3.261
102.7715,-1.329,3.583
102.9265,-1.158,3.910
103.0818,-0.986,4.242
103.2374,-0.813,4.578
103.3931,-0.639,4.918
103.5492,-0.465,5.261
103.7054,-0.291,5.609
103.8619,-0.116,5.960
104.0186,0.058,6.314
104.1756,0.232,6.671
104.3327,0.405,7.031
104.4902,0.578,7.392
104.6478,0.749,7.756
104.8057,0.919,8.122
104.9639,1.089,8.489
105.1223,1.256,8.857
105.2809,1.422,9.225
105.4397,1.586,9.594
105.5988,1.748,9.963
105.7582,1.907,10.330
105.9178,2.064,10.697
106.0776,2.219,11.063
106.2376,2.371,11.426
106.3979,2.520,11.787
106.5585,2.666,12.145
106.7193,2.809,12.500
106.8803,2.949,12.851
107.0416,3.086,13.197
107.2031,3.219,13.539
107.3648,3.349,13.875
107.5269,3.476,14.205
107.6891,3.598,14.529
107.8516,3.718,14.846
108.0143,3.833,15.155
108.1773,3.945,15.455
108.3405,4.053,15.748
108.5040,4.158,16.031
108.6677,4.258,16.304
108.8317,4.355,16.567
108.9959,4.448,16.819
109.1604,4.537,17.061
109.3251,4.623,17.290
109.4901,4.705,17.507
109.6553,4.783,17.711
109.8207,4.858,17.903
109.9864,4.928,18.081
110.1524,4.996,18.244
110.3186,5.059,18.394
110.4851,5.119,18.529
110.6518,5.175,18.649
110.8187,5.228,18.754
110.9860,5.278,18.843
111.1534,5.323,18.916
111.3211,5.366,18.974
111.4891,5.404,19.016
111.6573,5.440,19.041
111.8258,5.472,19.050
111.9946,5.500,19.043
112.1635,5.525,19.020
112.3328,5.546,18.981
112.5023,5.564,18.925
112.6720,5.579,18.853
112.8421,5.590,18.766
113.0123,5.597,18.663
113.1828,5.601,18.544
113.3536,5.601,18.411
113.5247,5.597,18.262
113.6960,5.590,18.100
113.8675,5.579,17.923
114.0393,5.564,17.732
114.2114,5.545,17.528
114.3837,5.523,17.311
114.5563,5.496,17.082
114.7292,5.466,16.842
114.9023,5.431,16.589
115.0757,5.393,16.326
115.2493,5.350,16.053
115.4232,5.304,15.770
115.5974,5.253,15.478
115.7718,5.198,15.178
115.9465,5.139,14.869
116.1215,5.075,14.553
116.2967,5.008,14.230
116.4721,4.936,13.900
116.6479,4.860,13.565
116.8239,4.779,13.225
117.0002,4.695,12.880
117.1767,4.606,12.531
117.3535,4.513,12.178
117.5306,4.417,11.822
117.7079,4.316,11.464
117.8856,4.211,11.103
118.0634,4.102,10.741
118.2416,3.989,10.377
118.4200,3.873,10.013
118.5987,3.753,9.648
118.7776,3.629,9.284
118.9569,3.502,8.920
119.1364,3.372,8.556
119.3161,3.239,8.194
119.4962,3.102,7.833
119.6765,2.963,7.475
119.8570,2.821,7.118
120.0379,2.676,6.764
120.2190,2.529,6.413
120.4004,2.379,6.064
120.5821,2.227,5.719
120.7640,2.074,5.378
120.9463,1.918,5.040
121.1288,1.761,4.706
121.3115,1.603,4.376
121.4946,1.443,4.050
121.6779,1.282,3.729
121.8615,1.120,3.413
122.0454,0.957,3.101
122.2295,0.794,2.795
122.4140,0.631,2.493
122.5987,0.467,2.197
122.7837,0.303,1.906
122.9689,0.139,1.620
123.1545,-0.024,1.339
123.3403,-0.187,1.065
123.5264,-0.350,0.796
123.7128,-0.511,0.532
123.8995,-0.672,0.274
124.0864,-0.832,0.022
124.2737,-0.991,-0.224
124.4612,-1.148,-0.464
124.6490,-1.304,-0.699
124.8371,-1.458,-0.927
125.0254,-1.610,-1.150
125.2141,-1.761,-1.367
125.4030,-1.910,-1.578
125.5922,-2.056,-1.783
125.7817,-2.201,-1.982
125.9715,-2.343,-2.175
126.1616,-2.483,-2.362
126.3520,-2.621,-2.544
126.5426,-2.756,-2.719
126.7336,-2.888,-2.889
126.9248,-3.018,-3.053
127.1163,-3.145,-3.212
127.3081,-3.269,-3.365
127.5002,-3.390,-3.512
127.6926,-3.508,-3.653
127.8853,-3.624,-3.789
128.0782,-3.736,-3.920
128.2715,-3.845,-4.045
128.4651,-3.952,-4.165
128.6589,-4.055,-4.280
128.8530,-4.155,-4.389
129.0475,-4.251,-4.493
129.2422,-4.345,-4.592
129.4372,-4.435,-4.686
129.6325,-4.522,-4.775
129.8281,-4.606,-4.860
130.0240,-4.686,-4.939
130.2202,-4.763,-5.013
130.4167,-4.837,-5.083
130.6135,-4.908,-5.149
130.8106,-4.975,-5.209
131.0079,-5.039,-5.266
131.2056,-5.100,-5.317
131.4036,-5.157,-5.365
131.6019,-5.211,-5.408
131.8004,-5.262,-5.447
131.9993,-5.310,-5.482
132.1985,-5.354,-5.513
132.3980,-5.395,-5.540
132.5977,-5.433,-5.563
132.7978,-5.468,-5.582
132.9982,-5.499,-5.597
133.1989,-5.527,-5.608
133.3999,-5.552,-5.616
133.6011,-5.574,-5.620
133.8027,-5.593,-5.621
134.0046,-5.609,-5.618
134.2068,-5.622,-5.612
134.4093,-5.631,-5.603
134.6121,-5.637,-5.590
134.8153,-5.641,-5.573
135.0187,-5.641,-5.554
135.2224,-5.638,-5.531
135.4265,-5.632,-5.506
135.6308,-5.623,-5.477
135.8355,-5.612,-5.445
136.0404,-5.597,-5.410
136.2457,-5.579,-5.372
136.4513,-5.558,-5.332
136.6572,-5.534,-5.288
136.8634,-5.507,-5.241
137.0699,-5.477,-5.192
137.2767,-5.444,-5.140
137.4838,-5.408,-5.085
137.6913,-5.369,-5.027
137.8991,-5.326,-4.967
138.1071,-5.281,-4.903
138.3155,-5.233,-4.838
138.5242,-5.182,-4.769
138.7332,-5.127,-4.698
138.9426,-5.070,-4.624
139.1522,-5.009,-4.547
139.3622,-4.945,-4.468
139.5725,-4.878,-4.386
139.7831,-4.808,-4.301
139.9940,-4.735,-4.214
140.2052,-4.658,-4.124
140.4168,-4.578,-4.032
140.6287,-4.495,-3.937
140.8409,-4.408,-3.839
141.0534,-4.318,-3.738
141.2662,-4.224,-3.635
141.4794,-4.127,-3.529
141.6928,-4.026,-3.420
141.9066,-3.922,-3.309
142.1208,-3.814,-3.195
142.3352,-3.702,-3.078
142.5500,-3.587,-2.958
142.7651,-3.468,-2.835
142.9805,-3.344,-2.710
143.1962,-3.217,-2.582
143.4123,-3.086,-2.450
143.6287,-2.951,-2.316
143.8454,-2.812,-2.179
144.0625,-2.669,-2.039
144.2799,-2.521,-1.896
144.4976,-2.370,-1.750
144.7156,-2.213,-1.600
144.9340,-2.053,-1.448
145.1526,-1.887,-1.292
145.3717,-1.718,-1.134
145.5910,-1.543,-0.972
145.8107,-1.364,-0.806
146.0307,-1.180,-0.638
146.2511,-0.992,-0.466
146.4717,-0.798,-0.291
146.6928,-0.599,-0.112
146.9141,-0.395,0.070
147.1358,-0.187,0.256
147.3578,0.028,0.445
147.5801,0.247,0.638
147.8028,0.472,0.834
148.0258,0.702,1.034
148.2492,0.938,1.237
148.4729,1.179,1.445
148.6969,1.426,1.656
148.9213,1.678,1.870
149.1460,1.937,2.089
149.3710,2.201,2.311
149.5964,2.471,2.538
149.8222,2.747,2.768
150.0482,3.029,3.002
150.2746,3.317,3.240
150.5014,3.612,3.481
150.7285,3.912,3.727
150.9559,4.219,3.977
151.1837,4.532,4.231
151.4118,4.851,4.489
151.6403,5.177,4.751
151.8691,5.509,5.016
152.0982,5.848,5.286
152.3277,6.193,5.560
152.5576,6.545,5.838
152.7878,6.903,6.120
153.0183,7.269,6.406
153.2492,7.640,6.696
153.4805,8.019,6.990
153.7120,8.404,7.288
153.9440,8.796,7.590
154.1763,9.195,7.896
154.4089,9.600,8.206
154.6419,10.013,8.520
154.8752,10.432,8.837
155.1089,10.858,9.159
155.3430,11.292,9.484
155.5774,11.732,9.813
155.8121,12.179,10.145
156.0472,12.632,10.481
156.2827,13.093,10.820
156.5185,13.561,11.163
156.7547,14.035,11.509
156.9912,14.517,11.859
157.2281,15.005,12.211
157.4653,15.500,12.567
157.7029,16.002,12.925
157.9409,16.511,13.286
158.1792,17.026,13.650
158.4179,17.548,14.017
158.6569,18.077,14.385
158.8963,18.612,14.756
159.1361,19.153,15.129
159.3762,19.701,15.503
159.6167,20.255,15.879
159.8575,20.815,16.256
160.0987,21.381,16.635
160.3403,21.952,17.014
160.5822,22.529,17.394
160.8245,23.111,17.774
161.0672,23.698,18.153
161.3102,24.290,18.533
161.5536,24.886,18.911
161.7974,25.485,19.288
162.0416,26.088,19.664
162.2861,26.694,20.037
162.5309,27.303,20.408
162.7762,27.913,20.775
163.0218,28.524,21.139
163.2678,29.136,21.499
163.5141,29.747,21.853
163.7609,30.356,22.202
164.0080,30.963,22.545
164.2554,31.566,22.881
164.5033,32.165,23.208
164.7515,32.757,23.527
165.0001,33.341,23.837
165.2491,33.916,24.136
165.4984,34.481,24.423
165.7481,35.032,24.698
165.9982,35.569,24.960
166.2487,36.089,25.207
166.4995,36.590,25.438
166.7508,37.070,25.653
167.0024,37.527,25.850
167.2544,37.958,26.029
167.5067,38.362,26.187
167.7595,38.735,26.324
168.0126,39.075,26.438
168.2661,39.381,26.530
168.5200,39.650,26.597
168.7743,39.880,26.639
169.0290,40.070,26.655
169.2840,40.218,26.644
169.5395,40.323,26.605
169.7953,40.384,26.538
170.0515,40.401,26.442
170.3081,40.373,26.317
170.5651,40.301,26.162
170.8224,40.185,25.979
171.0802,40.026,25.765
171.3383,39.825,25.523
171.5969,39.584,25.252
171.8558,39.304,24.952
172.1151,38.987,24.624
172.3748,38.635,24.270
172.6349,38.251,23.889
172.8954,37.837,23.483
173.1563,37.394,23.053
173.4175,36.927,22.600
173.6792,36.436,22.125
173.9413,35.924,21.630
174.2037,35.394,21.116
174.4666,34.847,20.585
174.7299,34.287,20.037
174.9935,33.714,19.476
175.2575,33.131,18.901
175.5220,32.539,18.315
175.7868,31.941,17.719
176.0521,31.337,17.114
176.3177,30.729,16.503
176.5838,30.118,15.886
176.8502,29.506,15.266
177.1171,28.893,14.643
177.3843,28.281,14.018
177.6520,27.671,13.394
177.9200,27.062,12.772
178.1885,26.457,12.152
178.4574,25.855,11.536
178.7267,25.257,10.925
178.9963,24.664,10.320
179.2664,24.076,9.722
179.5369,23.494,9.133
179.8078,22.917,8.552
180.0791,22.347,7.982
180.3509,21.783,7.422
180.6230,21.226,6.874
180.8955,20.676,6.338
181.1685,20.133,5.815
181.4418,19.597,5.305
181.7156,19.069,4.808
181.9898,18.548,4.327
182.2644,18.034,3.859
182.5394,17.528,3.407
182.8149,17.030,2.970
183.0907,16.539,2.549
183.3670,16.056,2.143
183.6437,15.581,1.752
183.9208,15.113,1.378
184.1983,14.653,1.019
184.4762,14.201,0.675
184.7546,13.756,0.347
185.0334,13.319,0.034
185.3126,12.890,-0.263
185.5922,12.468,-0.546
185.8722,12.053,-0.814
186.1527,11.646,-1.068
186.4336,11.246,-1.308
186.7149,10.853,-1.534
186.9966,10.467,-1.748
187.2788,10.089,-1.948
187.5614,9.718,-2.136
187.8444,9.353,-2.312
188.1278,8.995,-2.476
188.4117,8.644,-2.629
188.6960,8.300,-2.772
188.9807,7.963,-2.904
189.2659,7.632,-3.026
189.5514,7.307,-3.139
189.8374,6.989,-3.243
190.1239,6.677,-3.339
190.4108,6.371,-3.426
190.6981,6.071,-3.506
190.9858,5.777,-3.578
191.2740,5.489,-3.643
191.5626,5.207,-3.702
191.8517,4.931,-3.755
192.1412,4.660,-3.802
192.4311,4.395,-3.843
192.7214,4.135,-3.879
193.0122,3.881,-3.910
193.3035,3.632,-3.937
193.5951,3.388,-3.959
193.8873,3.149,-3.978
194.1798,2.915,-3.993
194.4728,2.686,-4.004
194.7663,2.462,-4.012
195.0601,2.242,-4.017
195.3545,2.028,-4.019
195.6492,1.818,-4.018
195.9445,1.612,-4.016
196.2401,1.411,-4.011
196.5362,1.214,-4.003
196.8328,1.021,-3.994
197.1298,0.833,-3.984
197.4272,0.648,-3.971
197.7251,0.468,-3.957
198.0235,0.292,-3.942
198.3223,0.119,-3.926
198.6215,-0.050,-3.908
198.9212,-0.215,-3.890
199.2214,-0.376,-3.871
199.5220,-0.534,-3.850
199.8230,-0.688,-3.829
200.1246,-0.839,-3.808
200.4265,-0.986,-3.786
200.7290,-1.130,-3.763
201.0318,-1.271,-3.740
201.3352,-1.408,-3.717
201.6390,-1.543,-3.693
201.9432,-1.674,-3.670
202.2479,-1.802,-3.645
202.5531,-1.928,-3.621
202.8587,-2.050,-3.597
203.1648,-2.170,-3.573
203.4714,-2.287,-3.548
203.7784,-2.401,-3.524
204.0859,-2.512,-3.499
204.3938,-2.621,-3.475
204.7022,-2.727,-3.451
205.0111,-2.830,-3.427
205.3205,-2.931,-3.403
205.6303,-3.030,-3.379
205.9405,-3.126,-3.355
206.2513,-3.220,-3.332
206.5625,-3.311,-3.309
206.8742,-3.400,-3.286
207.1863,-3.487,-3.263
207.4990,-3.572,-3.240
207.8121,-3.654,-3.218
208.1256,-3.734,-3.196
208.4397,-3.813,-3.174
208.7542,-3.889,-3.153
209.0692,-3.963,-3.132
209.3846,-4.035,-3.111
209.7006,-4.105,-3.090
210.0170,-4.174,-3.070
210.3339,-4.240,-3.050
210.6513,-4.304,-3.030
210.9691,-4.367,-3.011
211.2874,-4.428,-2.992
211.6063,-4.487,-2.973
211.9256,-4.544,-2.955
212.2453,-4.600,-2.937
212.5656,-4.654,-2.919
212.8863,-4.706,-2.901
213.2076,-4.757,-2.884
213.5293,-4.806,-2.867
213.8515,-4.853,-2.851
214.1741,-4.899,-2.835
214.4973,-4.943,-2.819
214.8210,-4.985,-2.803
215.1451,-5.027,-2.788
215.4697,-5.066,-2.773
215.7949,-5.104,-2.758
216.1205,-5.141,-2.743
216.4466,-5.177,-2.729
216.7732,-5.210,-2.715
217.1003,-5.243,-2.702
217.4278,-5.274,-2.688
217.7559,-5.304,-2.675
218.0845,-5.332,-2.662
218.4136,-5.359,-2.650
218.7431,-5.385,-2.637
219.0732,-5.409,-2.625
219.4038,-5.433,-2.614
219.7348,-5.455,-2.602
220.0664,-5.475,-2.591
220.3984,-5.495,-2.580
220.7310,-5.513,-2.569
221.0641,-5.530,-2.558
221.3976,-5.546,-2.548
221.7317,-5.560,-2.538
222.0663,-5.574,-2.528
222.4013,-5.586,-2.518
222.7369,-5.597,-2.509
223.0730,-5.607,-2.499
223.4096,-5.616,-2.490
223.7467,-5.624,-2.482
224.0843,-5.631,-2.473
224.4224,-5.637,-2.464
224.7611,-5.641,-2.456
225.1002,-5.645,-2.448
225.4399,-5.647,-2.440
225.7800,-5.648,-2.433
226.1207,-5.649,-2.425
226.4619,-5.648,-2.418
226.8036,-5.647,-2.410
227.1458,-5.644,-2.403
227.4886,-5.640,-2.397
227.8318,-5.636,-2.390
228.1756,-5.630,-2.383
228.5199,-5.623,-2.377
228.8647,-5.616,-2.371
229.2101,-5.607,-2.365
229.5559,-5.598,-2.359
229.9023,-5.588,-2.353
230.2492,-5.576,-2.348
230.5966,-5.564,-2.342
230.9446,-5.551,-2.337
231.2930,-5.537,-2.332
231.6420,-5.522,-2.326
231.9916,-5.506,-2.322
232.3416,-5.490,-2.317
232.6922,-5.472,-2.312
233.0433,-5.454,-2.307
233.3949,-5.434,-2.303
233.7471,-5.414,-2.299
234.0998,-5.393,-2.294
234.4530,-5.372,-2.290
234.8068,-5.349,-2.286
235.1611,-5.326,-2.282
235.5159,-5.301,-2.279
235.8713,-5.276,-2.275
236.2272,-5.251,-2.271
236.5837,-5.224,-2.268
236.9407,-5.197,-2.265
237.2982,-5.168,-2.261
237.6562,-5.139,-2.258
238.0148,-5.110,-2.255
238.3740,-5.079,-2.252
238.7337,-5.048,-2.249
239.0939,-5.016,-2.246
239.4547,-4.983,-2.244
239.8160,-4.950,-2.241
240.1778,-4.915,-2.238
240.5402,-4.881,-2.236
240.9032,-4.845,-2.234
241.2667,-4.808,-2.231
241.6307,-4.771,-2.229
241.9953,-4.733,-2.227
242.3605,-4.695,-2.225
242.7262,-4.656,-2.223
243.0924,-4.616,-2.221
243.4592,-4.575,-2.219
243.8266,-4.534,-2.217
244.1945,-4.492,-2.215
244.5630,-4.449,-2.214
244.9320,-4.406,-2.212
245.3016,-4.362,-2.210
245.6717,-4.317,-2.209
246.0424,-4.272,-2.208
246.4136,-4.226,-2.206
246.7855,-4.180,-2.205
247.1578,-4.132,-2.204
247.5308,-4.084,-2.203
247.9043,-4.036,-2.201
248.2783,-3.987,-2.200
248.6530,-3.937,-2.199
249.0282,-3.887,-2.198
249.4039,-3.836,-2.197
249.7802,-3.784,-2.197
250.1571,-3.732,-2.196
250.5346,-3.679,-2.195
250.9126,-3.625,-2.194
251.2912,-3.571,-2.194
251.6704,-3.516,-2.193
252.0502,-3.461,-2.193
252.4305,-3.405,-2.192
252.8114,-3.349,-2.192
253.1928,-3.292,-2.191
253.5749,-3.234,-2.191
253.9575,-3.176,-2.191
254.3407,-3.117,-2.190
254.7245,-3.057,-2.190
255.1088,-2.997,-2.190
255.4938,-2.937,-2.190
255.8793,-2.876,-2.189
256.2654,-2.814,-2.189
256.6520,-2.752,-2.189
257.0393,-2.689,-2.189
257.4272,-2.625,-2.189
257.8156,-2.561,-2.189
258.2046,-2.497,-2.189
258.5942,-2.431,-2.190
258.9844,-2.366,-2.190
259.3752,-2.299,-2.190
259.7666,-2.233,-2.190
260.1585,-2.165,-2.190
260.5511,-2.097,-2.191
260.9442,-2.029,-2.191
261.3380,-1.960,-2.191
261.7323,-1.890,-2.191
262.1272,-1.820,-2.192
262.5227,-1.749,-2.192
262.9189,-1.678,-2.193
263.3156,-1.606,-2.193
263.7129,-1.534,-2.194
264.1108,-1.461,-2.194
264.5093,-1.387,-2.194
264.9085,-1.313,-2.195
265.3082,-1.239,-2.196
265.7085,-1.164,-2.196
266.1094,-1.088,-2.197
266.5110,-1.012,-2.197
266.9131,-0.935,-2.198
267.3159,-0.858,-2.198
267.7192,-0.780,-2.199
268.1232,-0.702,-2.199
268.5277,-0.623,-2.200
268.9329,-0.543,-2.201
269.3387,-0.463,-2.201
269.7451,-0.383,-2.202
270.1521,-0.301,-2.203
270.5598,-0.220,-2.203
270.9680,-0.137,-2.204
271.3769,-0.055,-2.204
271.7864,0.029,-2.205
272.1965,0.112,-2.206
272.6072,0.197,-2.206
273.0185,0.282,-2.207
273.4305,0.367,-2.207
273.8431,0.453,-2.208
274.2563,0.540,-2.209
274.6701,0.627,-2.209
275.0845,0.715,-2.210
275.4996,0.803,-2.210
275.9153,0.892,-2.211
276.3316,0.981,-2.211
276.7486,1.071,-2.212
277.1662,1.162,-2.212
277.5844,1.253,-2.212
278.0033,1.344,-2.213
278.4227,1.436,-2.213
278.8428,1.529,-2.213
279.2636,1.622,-2.214
279.6850,1.716,-2.214
280.1070,1.810,-2.214
280.5296,1.905,-2.214
280.9529,2.000,-2.214
281.3769,2.096,-2.214
281.8014,2.193,-2.214
282.2267,2.290,-2.214
282.6525,2.387,-2.214
283.0790,2.485,-2.214
283.5061,2.584,-2.214
283.9339,2.683,-2.213
284.3624,2.783,-2.213
284.7914,2.883,-2.213
285.2211,2.984,-2.212
285.6515,3.085,-2.212
286.0825,3.187,-2.211
286.5142,3.289,-2.210
286.9465,3.392,-2.210
287.3795,3.495,-2.209
287.8131,3.599,-2.208
288.2474,3.703,-2.207
288.6824,3.808,-2.206
289.1179,3.913,-2.204
289.5542,4.019,-2.203
289.9911,4.125,-2.202
290.4287,4.232,-2.200
290.8669,4.339,-2.198
291.3058,4.447,-2.197
291.7453,4.555,-2.195
292.1856,4.663,-2.193
292.6264,4.772,-2.191
293.0680,4.881,-2.188
293.5102,4.991,-2.186
293.9531,5.101,-2.183
294.3966,5.212,-2.181
294.8408,5.323,-2.178
295.2857,5.434,-2.175
295.7313,5.546,-2.172
296.1775,5.658,-2.169
296.6244,5.770,-2.165
297.0720,5.883,-2.162
297.5202,5.996,-2.158
297.9692,6.109,-2.154
298.4188,6.223,-2.150
298.8691,6.337,-2.146
299.3200,6.451,-2.142
299.7717,6.565,-2.137
300.2240,6.679,-2.132
300.6770,6.794,-2.127
301.1307,6.909,-2.122
301.5851,7.024,-2.117
302.0401,7.139,-2.111
302.4959,7.254,-2.105
302.9523,7.369,-2.099
303.4095,7.484,-2.093
303.8673,7.600,-2.087
304.3258,7.715,-2.080
304.7850,7.830,-2.073
305.2449,7.946,-2.066
305.7054,8.061,-2.059
306.1667,8.176,-2.051
306.6287,8.291,-2.043
307.0914,8.405,-2.035
307.5547,8.520,-2.027
308.0188,8.634,-2.018
308.4836,8.748,-2.009
308.9491,8.862,-2.000
309.4152,8.975,-1.991
309.8821,9.088,-1.981
310.3497,9.200,-1.971
310.8180,9.312,-1.961
311.2870,9.424,-1.951
311.7567,9.535,-1.940
312.2271,9.645,-1.929
312.6982,9.755,-1.917
313.1700,9.864,-1.906
313.6426,9.972,-1.894
314.1158,10.080,-1.882
314.5898,10.187,-1.869
315.0645,10.293,-1.856
315.5399,10.398,-1.843
316.0160,10.502,-1.829
316.4929,10.605,-1.816
316.9704,10.707,-1.802
317.4487,10.808,-1.787
317.9277,10.908,-1.772
318.4074,11.007,-1.757
318.8879,11.105,-1.742
319.3690,11.201,-1.726
319.8509,11.296,-1.710
320.3335,11.389,-1.694
320.8169,11.481,-1.677
321.3010,11.572,-1.660
321.7858,11.661,-1.643
322.2713,11.748,-1.625
322.7576,11.834,-1.607
323.2446,11.918,-1.589
323.7324,12.000,-1.570
324.2208,12.081,-1.551
324.7101,12.160,-1.532
325.2000,12.236,-1.513
325.6907,12.311,-1.493
326.1821,12.384,-1.473
326.6743,12.455,-1.452
327.1672,12.523,-1.431
327.6609,12.590,-1.410
328.1553,12.654,-1.389
328.6505,12.716,-1.367
329.1464,12.776,-1.345
329.6430,12.834,-1.323
330.1404,12.889,-1.301
330.6386,12.941,-1.278
331.1375,12.992,-1.255
331.6371,13.039,-1.232
332.1375,13.085,-1.208
332.6387,13.127,-1.185
333.1406,13.167,-1.161
333.6433,13.205,-1.137
334.1467,13.239,-1.112
334.6509,13.271,-1.088
335.1559,13.301,-1.063
335.6616,13.327,-1.038
336.1681,13.351,-1.013
336.6753,13.372,-0.988
337.1833,13.390,-0.963
337.6921,13.405,-0.938
338.2017,13.418,-0.912
338.7120,13.427,-0.887
339.2231,13.434,-0.861
339.7349,13.437,-0.836
340.2475,13.438,-0.810
340.7609,13.436,-0.785
341.2751,13.431,-0.759
341.7901,13.423,-0.734
342.3058,13.412,-0.708
342.8223,13.398,-0.683
343.3396,13.381,-0.658
343.8576,13.362,-0.633
344.3765,13.339,-0.609
344.8961,13.313,-0.584
345.4165,13.285,-0.560
345.9377,13.254,-0.537
346.4597,13.219,-0.513
346.9825,13.182,-0.491
347.5061,13.142,-0.469
348.0304,13.100,-0.447
348.5556,13.054,-0.426
349.0815,13.006,-0.406
349.6082,12.955,-0.387
350.1358,12.901,-0.369
350.6641,12.844,-0.352
351.1932,12.785,-0.336
351.7231,12.724,-0.322
352.2538,12.659,-0.310
352.7853,12.592,-0.299
353.3177,12.523,-0.291
353.8508,12.451,-0.285
354.3847,12.377,-0.282
354.9194,12.300,-0.283
355.4550,12.221,-0.287
355.9913,12.140,-0.296
356.5285,12.057,-0.311
357.0664,11.971,-0.332
357.6052,11.883,-0.361
358.1448,11.794,-0.400
358.6852,11.702,-0.451
359.2264,11.608,-0.518
359.7685,11.512,-0.604
360.3113,11.414,-0.717
360.8550,11.315,-0.864
361.3995,11.214,-1.059
361.9448,11.111,-1.321
362.4910,11.006,-1.677
363.0379,10.900,-2.167
363.5857,10.792,-2.822
364.1343,10.683,-3.539
364.6838,10.572,-3.574
365.2340,10.460,-1.416
365.7852,10.347,1.512
366.3371,10.232,2.834
366.8899,10.117,3.106
367.4435,10.000,3.043
367.9979,9.882,2.904
368.5532,9.763,2.765
369.1093,9.643,2.645
369.6662,9.522,2.545
370.2240,9.400,2.464
370.7826,9.278,2.399
371.3421,9.155,2.347
371.9024,9.031,2.305
372.4636,8.906,2.272
373.0256,8.781,2.247
373.5885,8.656,2.227
374.1522,8.530,2.212
374.7167,8.403,2.202
375.2822,8.276,2.195
375.8484,8.149,2.191
376.4155,8.022,2.189
376.9835,7.894,2.190
377.5523,7.766,2.192
378.1220,7.638,2.197
378.6926,7.510,2.202
379.2640,7.382,2.209
379.8363,7.254,2.217
380.4094,7.126,2.226
380.9834,6.998,2.235
381.5583,6.870,2.245
382.1340,6.743,2.256
382.7106,6.615,2.267
383.2881,6.488,2.279
383.8664,6.361,2.291
384.4456,6.235,2.303
385.0257,6.109,2.316
385.6067,5.983,2.328
386.1885,5.858,2.341
386.7713,5.733,2.354
387.3549,5.608,2.367
387.9393,5.484,2.381
388.5247,5.361,2.394
389.1110,5.238,2.407
389.6981,5.116,2.420
390.2861,4.994,2.434
390.8750,4.873,2.447
391.4648,4.753,2.460
392.0555,4.633,2.473
392.6471,4.514,2.486
393.2395,4.396,2.499
393.8329,4.279,2.512
394.4271,4.162,2.524
395.0223,4.046,2.537
395.6183,3.931,2.550
396.2153,3.817,2.562
396.8131,3.703,2.574
397.4119,3.590,2.586
398.0115,3.479,2.598
398.6121,3.368,2.610
399.2136,3.257,2.621
399.8159,3.148,2.633
400.4192,3.040,2.644
401.0234,2.933,2.655
401.6285,2.826,2.666
402.2345,2.720,2.677
402.8415,2.616,2.688
403.4493,2.512,2.698
404.0581,2.409,2.708
404.6678,2.307,2.718
405.2784,2.206,2.728
405.8899,2.107,2.738
406.5024,2.008,2.748
407.1157,1.909,2.757
407.7300,1.812,2.766
408.3453,1.716,2.775
408.9614,1.621,2.784
409.5785,1.527,2.793
410.1965,1.434,2.802
410.8154,1.341,2.810
411.4353,1.250,2.818
412.0561,1.160,2.826
412.6779,1.070,2.834
413.3006,0.982,2.842
413.9242,0.894,2.849
414.5488,0.808,2.857
415.1743,0.722,2.864
415.8008,0.637,2.871
416.4282,0.554,2.878
417.0565,0.471,2.884
417.6858,0.389,2.891
418.3161,0.308,2.898
418.9473,0.228,2.904
419.5794,0.149,2.910
420.2125,0.071,2.916
420.8466,-0.006,2.922
421.4816,-0.082,2.927
422.1176,-0.158,2.933
422.7545,-0.232,2.938
423.3924,-0.306,2.944
424.0312,-0.379,2.949
424.6711,-0.451,2.954
425.3119,-0.522,2.959
425.9536,-0.592,2.963
426.5963,-0.661,2.968
427.2400,-0.729,2.972
427.8847,-0.797,2.977
428.5303,-0.864,2.981
429.1769,-0.930,2.985
429.8245,-0.995,2.989
430.4731,-1.059,2.993
431.1226,-1.122,2.997
431.7732,-1.185,3.000
432.4247,-1.247,3.004
433.0771,-1.308,3.007
433.7306,-1.368,3.010
434.3851,-1.428,3.014
435.0405,-1.486,3.017
435.6970,-1.544,3.020
436.3544,-1.602,3.023
437.0128,-1.658,3.025
437.6722,-1.714,3.028
438.3326,-1.769,3.031
438.9940,-1.823,3.033
439.6564,-1.877,3.035
440.3198,-1.930,3.038
440.9842,-1.982,3.040
441.6496,-2.034,3.042
442.3160,-2.084,3.044
442.9834,-2.135,3.046
443.6518,-2.184,3.048
444.3213,-2.233,3.050
444.9917,-2.281,3.051
445.6632,-2.329,3.053
446.3356,-2.376,3.055
447.0091,-2.422,3.056
447.6836,-2.467,3.057
448.3591,-2.513,3.059
449.0356,-2.557,3.060
449.7132,-2.601,3.061
450.3918,-2.644,3.062
451.0714,-2.687,3.063
451.7520,-2.729,3.064
452.4336,-2.770,3.065
453.1163,-2.811,3.066
453.8000,-2.852,3.067
454.4848,-2.891,3.067
455.1705,-2.931,3.068
455.8573,-2.969,3.069
456.5452,-3.008,3.069
457.2341,-3.045,3.070
457.9240,-3.083,3.070
458.6149,-3.119,3.070
459.3070,-3.155,3.071
460.0000,-3.191,3.071
